,YEAR,TEAM,SEED,ROUND,WAB,BADJ EM,BARTHAG,TALENT,BADJ O,BADJ D,ELITE SOS,WIN%,PPPO,K OFF,AVG HGT
68,2023,Alabama,1,16,10.2,27.1,0.956,66.119,115.4,88.3,33.7,85.29411765,1.106,110.862,78.117
69,2023,Arizona,2,64,7.6,24.3,0.932,73.326,119.7,95.4,29.572,82.35294118,1.134,113.208,78.469
70,2023,Arizona St.,11,64,1.3,12.0,0.8,48.279,105.8,93.8,28.637,64.70588235,1.006,100.983,77.112
71,2023,Arkansas,8,16,0.4,18.7,0.894,70.997,110.7,92.0,30.654,60.60606061,1.058,105.743,78.723
72,2023,Auburn,9,32,1.1,17.7,0.881,47.081,110.9,93.2,30.519,62.5,1.054,105.387,76.74
73,2023,Baylor,3,32,5.3,21.4,0.904,57.276,120.9,99.5,36.633,68.75,1.132,113.141,77.08
74,2023,Boise St.,10,64,2.3,15.3,0.852,17.176,108.2,92.9,24.425,71.875,1.058,105.781,77.646
75,2023,Colgate,15,64,-3.6,5.9,0.651,0.2,111.7,105.8,8.434,75.75757576,1.15,114.974,77.42
76,2023,College of Charleston,12,64,1.7,11.5,0.782,0.2,109.2,97.7,8.862,90.90909091,1.126,112.46,76.909
77,2023,Connecticut,4,1,4.9,26.4,0.947,62.486,118.9,92.5,29.244,75.75757576,1.144,114.228,78.308
78,2023,Creighton,6,8,1.9,21.0,0.913,67.359,113.8,92.8,32.269,63.63636364,1.095,109.592,77.87
79,2023,Drake,12,64,-0.7,11.8,0.791,12.076,107.9,96.1,12.124,78.78787879,1.084,108.714,76.357
80,2023,Duke,5,32,4.5,18.8,0.892,81.592,111.9,93.1,26.527,76.47058824,1.1,110.245,79.085
81,2023,Fairleigh Dickinson,16,32,-12.2,-12.4,0.216,0.2,104.6,117.0,5.422,53.125,1.088,108.88,73.373
82,2023,Florida Atlantic,9,4,4.8,17.4,0.874,17.083,112.2,94.8,16.095,90.625,1.129,112.947,76.04
83,2023,Furman,13,32,-2.0,7.8,0.697,4.159,111.9,104.1,10.319,77.41935484,1.155,115.465,76.607
84,2023,Gonzaga,3,8,6.8,24.0,0.925,76.992,122.6,98.6,26.846,84.375,1.205,120.383,78.071
85,2023,Grand Canyon,14,64,-3.7,5.3,0.639,20.262,109.8,104.5,14.646,65.625,1.088,108.542,77.147
86,2023,Houston,1,16,8.1,29.1,0.964,68.424,117.1,88.0,23.376,91.17647059,1.158,116.021,76.743
87,2023,Howard,16,64,-7.3,-4.8,0.37,10.987,100.9,105.7,9.971,61.29032258,1.033,103.037,76.881
88,2023,Illinois,9,64,0.9,14.6,0.839,80.461,109.0,94.4,30.112,62.5,1.065,106.287,78.733
89,2023,Indiana,4,32,3.4,16.7,0.864,83.728,112.5,95.8,33.014,66.66666667,1.092,108.931,78.592
90,2023,Iona,13,64,-1.6,11.8,0.789,4.177,108.8,97.0,9.85,79.41176471,1.105,110.689,77.502
91,2023,Iowa,8,64,0.3,16.2,0.844,48.548,118.9,102.7,30.692,59.375,1.139,113.509,78.356
92,2023,Iowa St.,6,64,2.4,18.2,0.893,35.584,108.2,90.0,37.116,59.375,1.031,103.094,77.276
93,2023,Kansas,1,32,10.1,21.4,0.918,69.643,112.9,91.5,38.229,79.41176471,1.062,106.078,77.453
94,2023,Kansas St.,3,8,4.3,17.2,0.875,48.155,110.3,93.1,30.879,71.875,1.051,104.952,76.284
95,2023,Kennesaw St.,14,64,-1.4,4.5,0.623,21.424,105.0,100.5,14.413,74.19354839,1.054,105.334,75.889
96,2023,Kent St.,13,64,0.9,11.0,0.779,0.364,106.1,95.1,14.799,81.25,1.088,108.778,75.69
97,2023,Kentucky,6,32,1.6,16.9,0.862,61.864,114.7,97.8,29.746,65.625,1.115,111.767,77.638
98,2023,Louisiana Lafayette,13,64,-0.5,8.5,0.715,25.412,110.8,102.3,14.493,76.66666667,1.096,109.745,76.564
99,2023,Marquette,2,32,7.6,23.0,0.922,59.052,119.0,96.0,30.614,82.35294118,1.132,113.246,77.191
100,2023,Maryland,8,32,1.0,16.5,0.863,44.421,111.5,95.0,29.227,63.63636364,1.086,109.025,77.885
101,2023,Memphis,8,64,4.7,19.7,0.899,47.843,113.9,94.2,27.313,76.47058824,1.088,108.548,76.823
102,2023,Miami FL,5,4,3.7,15.9,0.842,44.964,117.3,101.4,23.676,78.125,1.147,114.539,76.786
103,2023,Michigan St.,7,16,2.4,16.6,0.864,70.568,111.6,95.0,34.618,61.29032258,1.06,105.971,77.744
104,2023,Mississippi St.,11,68,0.4,11.6,0.799,32.329,102.4,90.8,28.179,63.63636364,0.999,100.199,77.887
105,2023,Missouri,7,32,3.5,13.7,0.806,21.934,117.5,103.8,28.374,72.72727273,1.123,112.445,76.423
106,2023,Montana St.,14,64,-2.6,7.1,0.693,12.887,104.1,97.0,13.113,71.875,1.051,105.386,77.313
107,2023,Nevada,11,68,0.9,12.1,0.795,35.592,108.8,96.7,24.07,67.74193548,1.063,106.46,78.565
108,2023,North Carolina St.,11,64,1.1,15.2,0.84,54.561,113.0,97.8,24.085,69.6969697,1.115,111.298,77.043
109,2023,Northern Kentucky,16,64,-6.7,0.0,0.5,3.153,101.1,101.1,10.838,62.5,1.044,104.474,76.513
110,2023,Northwestern,7,32,1.6,14.9,0.85,46.694,106.6,91.7,28.65,65.625,1.028,102.638,77.674
111,2023,Oral Roberts,12,64,1.6,10.7,0.761,19.093,111.9,101.2,13.482,86.66666667,1.165,116.53,77.111
112,2023,Penn St.,10,32,1.3,15.5,0.84,28.67,115.4,99.9,29.963,62.85714286,1.101,109.964,76.673
113,2023,Pittsburgh,11,32,-0.2,11.0,0.766,25.648,112.5,101.5,23.352,66.66666667,1.117,111.897,77.393
114,2023,Princeton,15,16,-3.2,6.0,0.659,0.2,107.6,101.6,11.173,70.37037037,1.081,108.055,77.419
115,2023,Providence,11,64,1.1,14.5,0.825,60.631,114.9,100.4,29.545,65.625,1.12,111.864,76.505
116,2023,Purdue,1,64,9.4,25.9,0.945,58.603,118.5,92.6,31.016,85.29411765,1.135,113.435,78.56
117,2023,Saint Mary's,5,32,3.6,22.6,0.931,32.764,111.7,89.1,22.971,78.125,1.103,110.407,78.124
118,2023,San Diego St.,5,2,5.8,21.2,0.919,37.236,111.3,90.1,25.602,81.25,1.064,106.67,76.704
119,2023,Southeast Missouri St.,16,68,-11.6,-8.2,0.285,2.128,98.7,106.9,8.545,51.51515152,1.028,102.664,76.034
120,2023,TCU,6,32,2.3,17.0,0.873,60.589,110.4,93.4,32.804,63.63636364,1.057,105.499,77.543
121,2023,Tennessee,4,16,2.8,24.9,0.949,60.04,111.1,86.2,28.429,69.6969697,1.08,108.476,77.428
122,2023,Texas,2,8,7.6,23.0,0.929,67.877,114.6,91.6,34.531,76.47058824,1.095,109.362,76.509
123,2023,Texas A&M,7,64,3.7,18.4,0.885,48.574,113.2,94.8,27.473,73.52941176,1.087,108.864,76.682
124,2023,Texas A&M Corpus Chris,16,64,-6.0,-1.8,0.451,3.833,104.4,106.2,9.546,65.51724138,1.098,109.864,75.074
125,2023,Texas Southern,16,68,-13.5,-9.5,0.25,6.519,94.8,104.3,14.83,37.5,0.939,94.0655,77.198
126,2023,UC Santa Barbara,14,64,-1.4,4.7,0.624,33.348,108.7,104.0,10.607,78.125,1.096,109.642,77.86
127,2023,UCLA,2,16,8.5,25.8,0.951,83.585,113.2,87.4,28.811,85.29411765,1.098,109.714,76.923
128,2023,UNC Asheville,15,64,-1.8,-1.2,0.466,10.661,101.2,102.4,10.618,78.125,1.047,104.637,77.243
129,2023,USC,10,64,2.1,14.4,0.832,71.583,110.8,96.4,27.758,68.75,1.059,105.647,79.03
130,2023,Utah St.,10,64,3.2,17.5,0.869,15.41,115.5,98.0,22.797,75.75757576,1.121,111.983,78.239
131,2023,VCU,12,64,1.0,11.1,0.785,48.265,104.2,93.1,15.572,79.41176471,1.044,104.381,77.577
132,2023,Vermont,15,64,-3.8,6.7,0.676,4.102,107.9,101.2,13.048,68.75,1.09,109.144,76.477
133,2023,Virginia,4,64,4.1,16.9,0.871,54.569,110.4,93.5,24.745,78.125,1.083,108.334,76.585
134,2023,West Virginia,9,64,1.5,19.7,0.895,40.731,116.1,96.4,35.542,57.57575758,1.088,108.969,77.418
135,2023,Xavier,3,16,5.2,20.2,0.895,53.584,118.6,98.4,31.866,73.52941176,1.129,112.788,78.386
136,2022,Akron,13,64,-4.3,2.1,0.558,14.226,104.8,102.7,9.639,70.96774,1.082,107.883,76.279
137,2022,Alabama,6,64,2.0,17.8,0.872,62.2,115.9,98.1,34.827,59.375,1.087,109.137,77.122
138,2022,Arizona,1,16,8.8,25.6,0.943,69.26,118.0,92.4,24.936,91.17647,1.155,115.613,79.442
139,2022,Arkansas,4,8,4.5,17.4,0.88,47.294,109.4,92.0,27.25,75.75758,1.06,106.057,76.757
140,2022,Auburn,2,32,7.4,23.1,0.933,61.608,112.7,89.6,27.557,84.375,1.085,108.347,77.548
141,2022,Baylor,1,32,8.9,26.8,0.952,55.889,117.5,90.7,35.472,81.25,1.112,111.13,77.617
142,2022,Boise St.,8,64,3.5,15.0,0.851,32.117,106.9,91.9,21.555,78.78788,1.038,103.572,78.468
143,2022,Bryant,16,68,-4.8,-1.5,0.458,3.998,102.7,104.2,9.639,70.0,1.051,105.275,76.94
144,2022,Cal St. Fullerton,15,64,-5.1,-1.2,0.466,12.413,102.0,103.2,10.89,65.51724,1.036,103.807,76.432
145,2022,Chattanooga,13,64,0.2,9.9,0.751,20.793,108.4,98.5,14.52,78.125,1.108,111.059,77.024
146,2022,Colgate,14,64,-6.1,2.8,0.576,0.2,106.4,103.6,9.704,66.66667,1.11,111.011,77.075
147,2022,Colorado St.,6,64,4.3,13.8,0.818,19.502,112.5,98.7,22.01,82.75862,1.105,110.141,75.69
148,2022,Connecticut,5,64,3.2,17.8,0.879,54.692,112.6,94.8,27.203,71.875,1.099,109.555,78.16
149,2022,Creighton,9,32,1.9,11.9,0.801,67.849,104.2,92.3,27.539,66.66667,1.006,100.292,78.241
150,2022,Davidson,10,64,2.1,14.2,0.818,36.235,115.7,101.5,16.861,81.25,1.132,113.241,78.038
151,2022,Delaware,15,64,-5.5,3.6,0.597,13.46,106.8,103.2,12.584,63.63636,1.072,107.166,77.165
152,2022,Duke,2,4,7.2,26.0,0.943,91.521,120.4,94.4,28.364,82.35294,1.169,117.152,78.372
153,2022,Georgia St.,16,64,-5.2,1.4,0.54,28.01,100.8,99.4,12.187,60.0,0.993,99.6748,75.872
154,2022,Gonzaga,1,16,6.7,32.4,0.973,86.976,120.9,88.5,24.951,89.65517,1.19,118.885,78.737
155,2022,Houston,5,8,6.2,28.2,0.96,51.79,117.1,88.9,22.655,85.29412,1.147,114.576,77.41
156,2022,Illinois,4,32,4.2,20.5,0.908,54.781,113.6,93.1,30.786,70.96774,1.102,110.345,77.299
157,2022,Indiana,12,64,0.3,17.5,0.884,72.37,108.0,90.5,29.313,60.60606,1.04,103.985,78.018
158,2022,Iowa,5,64,4.6,23.4,0.922,43.723,121.1,97.7,28.129,74.28571,1.183,118.165,77.502
159,2022,Iowa St.,11,16,2.8,14.4,0.849,47.374,103.1,88.7,36.278,62.5,0.981,98.0934,76.518
160,2022,Jacksonville St.,15,64,-5.2,2.3,0.564,6.265,104.0,101.7,10.698,65.51724,1.059,106.638,76.546
161,2022,Kansas,1,1,10.4,27.3,0.951,77.998,120.2,92.9,36.398,82.35294,1.119,111.605,77.142
162,2022,Kentucky,2,64,6.9,25.2,0.939,74.515,119.1,93.9,32.472,78.78788,1.142,114.407,76.828
163,2022,Longwood,14,64,-2.3,3.0,0.582,4.353,105.6,102.6,8.664,78.57143,1.091,108.965,75.561
164,2022,Loyola Chicago,10,64,1.8,15.2,0.849,5.155,109.1,93.9,19.04,77.41935,1.1,109.986,76.759
165,2022,LSU,6,64,2.3,17.7,0.891,72.652,105.8,88.1,30.073,66.66667,1.029,102.61,77.616
166,2022,Marquette,9,64,0.7,12.6,0.807,58.313,107.9,95.3,29.119,61.29032,1.033,103.451,77.866
167,2022,Memphis,9,32,1.4,17.2,0.875,80.073,110.4,93.2,26.062,67.74194,1.056,105.619,77.792
168,2022,Miami FL,10,8,2.6,13.7,0.813,65.462,114.3,100.6,27.253,69.69697,1.104,110.368,76.713
169,2022,Michigan,11,16,0.2,17.2,0.868,72.575,113.9,96.7,34.033,54.83871,1.082,108.005,78.228
170,2022,Michigan St.,7,32,2.9,15.4,0.848,75.799,110.9,95.5,32.331,64.70588,1.059,105.927,78.586
171,2022,Montana St.,14,64,-2.8,2.2,0.562,7.356,103.0,100.8,7.984,78.125,1.084,108.242,76.746
172,2022,Murray St.,7,32,3.5,14.6,0.838,18.119,109.6,95.0,12.852,93.10345,1.131,113.009,76.615
173,2022,New Mexico St.,12,32,0.7,8.6,0.726,16.577,106.1,97.5,14.913,79.31034,1.05,104.869,78.058
174,2022,Norfolk St.,16,64,-3.1,-2.2,0.438,7.809,99.9,102.1,6.905,77.77778,1.032,103.718,76.636
175,2022,North Carolina,8,2,4.3,16.9,0.866,87.453,112.8,95.9,29.665,72.72727,1.096,109.416,78.254
176,2022,Notre Dame,11,32,1.8,14.8,0.836,72.248,111.9,97.1,27.584,67.74194,1.083,108.378,78.08
177,2022,Ohio St.,7,32,1.4,16.8,0.857,66.738,116.3,99.5,29.666,63.33333,1.119,112.068,77.248
178,2022,Providence,4,16,6.0,14.7,0.835,42.028,111.6,96.9,25.783,83.33333,1.066,106.471,77.714
179,2022,Purdue,3,16,7.1,25.1,0.933,60.487,122.6,97.5,30.201,79.41176,1.185,118.576,78.453
180,2022,Richmond,12,32,-1.6,8.3,0.716,15.581,107.7,99.4,19.541,65.71429,1.057,105.575,76.674
181,2022,Rutgers,11,68,-0.7,9.0,0.738,51.706,104.6,95.6,28.945,58.06452,1.025,102.697,78.702
182,2022,Saint Mary's,5,32,3.9,17.7,0.887,32.634,107.8,90.1,25.887,77.41935,1.06,106.095,77.82
183,2022,Saint Peter's,15,8,-5.6,3.5,0.604,0.2,97.6,94.1,12.317,62.06897,0.983,98.7557,76.197
184,2022,San Diego St.,8,64,2.6,15.0,0.863,31.863,101.4,86.4,23.962,74.19355,0.993,99.3087,77.275
185,2022,San Francisco,10,64,1.6,17.2,0.877,3.516,109.4,92.2,24.113,71.875,1.076,107.272,77.33
186,2022,Seton Hall,8,64,2.1,13.5,0.826,67.935,106.8,93.3,28.752,66.66667,1.038,103.686,78.886
187,2022,South Dakota St.,13,64,1.5,11.0,0.761,0.603,115.0,104.0,11.018,87.5,1.191,119.382,76.682
188,2022,TCU,9,32,2.9,14.5,0.841,65.515,107.4,92.9,36.146,62.5,1.01,101.094,77.933
189,2022,Tennessee,3,32,8.0,23.2,0.938,69.805,110.1,86.9,34.071,78.78788,1.058,105.997,76.747
190,2022,Texas,6,32,3.3,21.1,0.918,78.557,111.6,90.5,35.097,65.625,1.056,105.723,76.788
191,2022,Texas A&M Corpus Chris,16,68,-7.6,-6.5,0.321,3.592,96.4,102.9,7.53,63.33333,1.024,102.501,75.778
192,2022,Texas Southern,16,64,-6.8,-1.7,0.45,16.145,96.9,98.6,11.938,60.0,0.996,99.3772,77.009
193,2022,Texas Tech,3,16,6.5,23.6,0.943,22.03,109.1,85.5,35.796,73.52941,1.051,104.973,78.314
194,2022,UAB,12,64,-0.1,13.0,0.807,28.246,111.1,98.1,14.007,78.125,1.121,111.84,76.646
195,2022,UCLA,4,16,5.1,23.5,0.933,79.66,115.1,91.6,27.038,78.125,1.117,111.821,77.88
196,2022,USC,7,64,4.1,13.3,0.816,59.267,109.3,96.0,24.007,78.78788,1.068,106.564,79.116
197,2022,Vermont,13,64,-0.8,11.2,0.778,4.679,108.6,97.4,8.437,84.375,1.143,114.506,76.344
198,2022,Villanova,2,4,7.4,24.1,0.934,69.071,117.1,93.0,31.835,78.78788,1.127,112.845,77.347
199,2022,Virginia Tech,11,64,1.7,19.8,0.898,20.673,114.7,94.9,28.436,65.71429,1.111,111.1,76.763
200,2022,Wisconsin,3,32,6.5,16.3,0.863,62.378,110.1,93.8,31.803,77.41935,1.053,105.178,78.364
201,2022,Wright St.,16,64,-8.4,-2.7,0.427,9.944,104.2,106.9,8.923,60.60606,1.086,108.996,76.961
202,2022,Wyoming,12,68,1.9,11.2,0.777,1.779,108.7,97.5,21.516,75.0,1.07,107.367,78.721
203,2022,Yale,14,64,-4.9,1.4,0.541,9.416,99.8,98.4,14.651,62.06897,1.017,101.727,76.299
272,2019,Abilene Christian,15,64,-2.5,1.2,0.534,1.775,102.2,101.0,7.994,79.31034,1.068,107.102,75.895
273,2019,Arizona St.,11,64,0.2,11.0,0.773,71.073,108.9,97.9,21.239,68.75,1.062,106.426,77.624
274,2019,Auburn,5,4,6.1,23.5,0.926,57.754,119.4,95.9,32.322,73.52941,1.138,113.662,76.563
275,2019,Baylor,9,32,0.9,13.9,0.821,57.749,112.0,98.1,32.475,59.375,1.071,107.248,76.915
276,2019,Belmont,11,64,1.4,12.1,0.785,6.407,113.4,101.3,14.18,83.33333,1.16,116.393,77.45
277,2019,Bradley,15,64,-7.6,-1.1,0.469,3.589,100.0,101.1,11.714,57.57576,1.004,100.293,76.734
278,2019,Buffalo,6,32,5.7,18.0,0.88,7.39,113.2,95.2,17.002,90.90909,1.13,112.955,76.493
279,2019,Cincinnati,7,64,5.9,18.2,0.885,51.633,112.1,93.9,24.662,82.35294,1.098,109.572,76.833
280,2019,Colgate,15,64,-4.1,2.9,0.577,10.836,108.4,105.5,11.298,69.69697,1.107,110.64,77.685
281,2019,Duke,1,8,11.2,31.0,0.97,88.931,119.3,88.3,37.373,85.29412,1.129,113.184,78.656
282,2019,Fairleigh Dickinson,16,64,-9.2,-5.5,0.357,0.2,104.8,110.3,7.488,58.06452,1.083,108.37,75.792
283,2019,Florida,10,32,0.6,18.4,0.892,79.849,109.8,91.4,34.588,55.88235,1.042,104.227,77.265
284,2019,Florida St.,4,16,7.7,19.2,0.898,59.895,111.3,92.1,32.314,79.41176,1.067,106.629,78.662
285,2019,Gardner Webb,16,64,-4.9,-1.7,0.454,0.2,105.5,107.2,13.189,64.51613,1.083,108.532,75.143
286,2019,Georgia St.,14,64,-1.1,6.3,0.667,41.152,107.6,101.3,15.85,71.875,1.066,106.563,76.564
287,2019,Gonzaga,1,8,7.1,32.5,0.971,55.473,124.1,91.6,21.704,90.90909,1.241,123.829,78.212
288,2019,Houston,3,16,7.9,23.2,0.932,36.791,114.1,90.9,21.749,91.17647,1.12,112.096,76.192
289,2019,Iona,16,64,-10.2,-4.9,0.372,7.379,105.2,110.1,9.366,53.125,1.077,107.93,76.777
290,2019,Iowa,10,32,3.2,15.9,0.844,55.647,116.4,100.5,31.994,66.66667,1.106,110.452,78.354
291,2019,Iowa St.,6,64,4.3,22.1,0.915,56.016,118.2,96.1,33.257,67.64706,1.127,112.927,77.656
292,2019,Kansas,4,32,8.3,20.3,0.908,89.423,112.5,92.2,38.465,73.52941,1.055,105.568,77.524
293,2019,Kansas St.,4,64,6.6,19.0,0.906,48.118,106.5,87.5,32.441,75.75758,1.013,101.553,76.626
294,2019,Kentucky,2,8,8.8,25.2,0.942,95.376,116.9,91.7,33.711,81.81818,1.126,112.784,78.06
295,2019,Liberty,12,32,-0.4,9.0,0.73,0.345,108.7,99.7,11.295,80.64516,1.111,111.547,75.616
296,2019,Louisville,7,64,2.3,20.2,0.906,53.581,112.9,92.7,35.477,60.60606,1.071,107.243,76.75
297,2019,LSU,3,16,7.3,21.2,0.907,66.287,118.3,97.1,30.387,81.25,1.123,112.474,77.191
298,2019,Marquette,5,64,2.8,16.5,0.862,71.641,112.2,95.7,24.34,72.72727,1.088,108.714,77.863
299,2019,Maryland,6,32,4.2,18.7,0.89,78.823,112.5,93.8,33.402,68.75,1.076,107.334,77.8
300,2019,Michigan,2,16,9.2,29.1,0.966,80.432,115.3,86.2,32.909,82.35294,1.078,107.986,77.708
301,2019,Michigan St.,2,4,10.6,28.1,0.956,70.057,120.0,91.9,37.031,82.35294,1.144,114.269,77.545
302,2019,Minnesota,10,32,2.7,12.9,0.809,71.523,109.5,96.6,34.824,61.76471,1.038,103.298,78.493
303,2019,Mississippi,8,64,1.0,16.5,0.86,48.937,113.1,96.6,28.95,62.5,1.085,108.408,76.901
304,2019,Mississippi St.,5,64,4.6,19.8,0.895,82.586,116.4,96.6,32.171,69.69697,1.12,111.932,77.708
305,2019,Montana,15,64,-3.0,3.5,0.595,19.258,106.7,103.2,9.661,75.0,1.117,111.502,76.224
306,2019,Murray St.,12,32,1.3,12.0,0.79,8.231,110.5,98.5,12.081,86.2069,1.147,114.766,77.219
307,2019,Nevada,7,64,4.1,17.4,0.873,35.414,112.9,95.5,15.433,87.87879,1.137,113.948,78.179
308,2019,New Mexico St.,12,64,1.6,12.8,0.802,13.806,111.6,98.8,10.958,87.5,1.142,113.701,75.434
309,2019,North Carolina,1,16,10.0,28.0,0.956,76.654,119.2,91.2,36.978,81.81818,1.126,112.438,78.502
310,2019,North Carolina Central,16,68,-10.8,-10.3,0.239,4.547,97.2,107.5,9.393,50.0,1.004,100.502,75.64
311,2019,North Dakota St.,16,64,-8.4,-2.9,0.423,0.2,105.8,108.7,14.601,51.6129,1.079,108.198,76.57
312,2019,Northeastern,13,64,-2.6,7.2,0.685,5.836,110.0,102.8,14.55,69.69697,1.128,112.969,76.931
313,2019,Northern Kentucky,14,64,-2.0,6.8,0.678,4.597,108.4,101.6,11.952,75.0,1.114,111.424,76.214
314,2019,Ohio St.,11,32,0.9,14.2,0.834,56.419,108.3,94.1,33.733,57.57576,1.037,103.341,76.691
315,2019,Oklahoma,9,32,2.5,16.1,0.863,58.325,108.9,92.8,35.499,59.375,1.016,101.398,77.409
316,2019,Old Dominion,14,64,-1.6,4.9,0.64,33.997,100.4,95.5,11.544,76.47059,1.012,101.139,77.587
317,2019,Oregon,12,16,-1.0,13.5,0.826,80.047,106.4,92.9,21.269,65.71429,1.061,106.247,78.551
318,2019,Prairie View A&M,16,68,-6.9,-4.1,0.388,1.736,101.0,105.1,9.729,63.63636,1.031,103.12,75.167
319,2019,Purdue,3,8,6.1,25.4,0.938,56.197,121.0,95.6,35.323,71.875,1.139,113.828,78.269
320,2019,Saint Louis,13,64,-3.0,5.7,0.661,66.081,101.1,95.4,17.33,65.71429,1.002,100.399,76.751
321,2019,Saint Mary's,11,64,-0.6,16.9,0.863,27.239,114.2,97.3,22.544,66.66667,1.127,112.69,77.747
322,2019,Seton Hall,10,64,-0.3,10.8,0.771,54.346,107.8,97.0,26.683,60.60606,1.043,104.576,78.156
323,2019,St. John's,11,68,-1.1,9.3,0.736,75.394,109.1,99.8,22.897,63.63636,1.06,105.988,76.611
324,2019,Syracuse,8,64,0.5,16.0,0.86,73.806,109.4,93.4,30.432,60.60606,1.032,103.506,79.404
325,2019,Temple,11,68,2.0,11.6,0.784,53.453,109.2,97.6,23.835,71.875,1.051,105.306,78.07
326,2019,Tennessee,2,16,9.8,27.9,0.951,55.685,122.9,95.0,34.04,84.84848,1.164,116.307,77.811
327,2019,Texas Tech,3,2,7.0,25.8,0.953,47.191,112.1,86.3,29.682,81.25,1.075,108.08,76.923
328,2019,UC Irvine,13,32,0.9,8.5,0.724,18.762,105.5,97.0,10.843,85.29412,1.081,108.285,76.732
329,2019,UCF,9,32,2.2,17.2,0.874,28.974,111.1,93.9,22.705,74.19355,1.071,107.069,78.779
330,2019,Utah St.,8,64,2.2,15.3,0.846,9.835,111.2,95.9,16.722,81.81818,1.123,112.264,77.916
331,2019,VCU,8,64,1.4,17.1,0.888,39.794,104.0,86.9,17.529,78.125,1.026,102.78,77.446
332,2019,Vermont,13,64,-0.8,9.1,0.735,7.768,107.2,98.1,10.844,81.25,1.094,109.909,76.477
333,2019,Villanova,6,32,3.7,16.4,0.854,68.466,115.1,98.7,25.545,73.52941,1.123,112.402,77.874
334,2019,Virginia,1,1,11.1,33.9,0.976,73.381,122.6,88.7,33.411,90.625,1.171,117.113,77.203
335,2019,Virginia Tech,4,16,5.0,23.7,0.93,66.436,118.0,94.3,30.716,75.0,1.141,114.004,76.946
336,2019,Washington,9,32,3.3,12.6,0.811,74.311,106.0,93.4,23.31,76.47059,1.036,103.564,77.264
337,2019,Wisconsin,5,64,6.2,20.1,0.913,59.597,108.9,88.8,36.867,69.69697,1.045,104.289,77.318
338,2019,Wofford,7,32,4.2,17.9,0.873,1.063,115.8,97.9,18.861,86.66667,1.182,117.982,76.813
339,2019,Yale,14,64,-0.7,8.1,0.707,15.117,110.1,102.0,14.894,75.0,1.099,110.061,77.204
340,2018,Alabama,9,32,-1.1,12.2,0.801,73.914,107.0,94.8,30.311,55.88235,1.03,102.776,78.097
341,2018,Arizona,4,64,3.8,17.3,0.862,82.727,117.4,100.1,22.509,79.41176,1.16,115.915,78.636
342,2018,Arizona St.,11,68,-1.2,15.1,0.83,53.908,117.2,102.1,22.863,64.51613,1.141,114.116,76.215
343,2018,Arkansas,7,64,2.8,16.7,0.855,39.343,117.0,100.3,30.695,67.64706,1.125,112.175,77.141
344,2018,Auburn,4,32,4.3,19.9,0.895,58.941,117.0,97.1,25.991,78.125,1.135,113.46,75.841
345,2018,Bucknell,14,64,-3.0,5.7,0.652,0.2,107.6,101.9,12.477,73.52941,1.103,110.427,77.029
346,2018,Buffalo,13,32,-1.3,11.0,0.763,10.891,113.6,102.6,14.057,75.75758,1.135,113.539,76.586
347,2018,Butler,10,32,1.7,19.9,0.898,52.743,115.4,95.5,35.194,60.60606,1.108,110.897,76.655
348,2018,Cal St. Fullerton,15,64,-5.5,-1.2,0.467,0.2,102.6,103.8,12.991,62.06897,1.032,102.99,76.687
349,2018,Cincinnati,2,32,5.9,24.6,0.947,63.963,111.1,86.5,21.576,88.23529,1.122,112.022,77.445
350,2018,Clemson,5,16,4.0,17.9,0.882,54.866,111.6,93.7,31.364,71.875,1.083,108.129,77.357
351,2018,College of Charleston,13,64,-2.1,1.6,0.543,4.156,106.7,105.1,10.655,77.41935,1.117,111.949,76.811
352,2018,Creighton,8,64,2.0,20.3,0.899,48.746,117.3,97.0,32.808,64.51613,1.142,114.134,77.285
353,2018,Davidson,12,64,-2.9,14.2,0.816,20.885,116.7,102.5,18.185,65.625,1.161,116.159,78.13
354,2018,Duke,2,8,6.6,29.3,0.958,92.943,123.2,93.9,31.36,78.78788,1.188,118.705,79.097
355,2018,Florida,6,32,1.4,20.8,0.907,69.428,116.0,95.2,31.853,62.5,1.102,109.73,76.89
356,2018,Florida St.,9,8,1.0,16.1,0.851,59.86,114.5,98.4,29.762,64.51613,1.11,110.767,78.496
357,2018,Georgia St.,15,64,-5.1,6.5,0.673,31.565,107.2,100.7,9.801,68.75,1.086,108.676,76.699
358,2018,Gonzaga,4,16,4.9,23.1,0.924,73.63,118.3,95.2,19.117,88.23529,1.199,120.03,78.446
359,2018,Houston,6,32,2.4,19.5,0.895,24.411,114.6,95.1,20.996,78.78788,1.132,112.888,75.56
360,2018,Iona,15,64,-7.3,1.5,0.54,0.2,108.8,107.3,11.688,60.60606,1.094,109.478,75.88
361,2018,Kansas,1,4,8.2,26.0,0.941,80.44,121.7,95.7,34.024,79.41176,1.162,116.004,77.704
362,2018,Kansas St.,9,8,2.6,16.5,0.862,47.73,112.3,95.8,31.68,66.66667,1.082,108.258,77.082
363,2018,Kentucky,5,16,4.3,19.4,0.893,95.962,115.1,95.7,31.972,70.58824,1.096,109.59,78.862
364,2018,Lipscomb,15,64,-3.2,0.8,0.523,5.68,102.6,101.8,15.067,68.96552,1.039,104.015,77.268
365,2018,LIU Brooklyn,16,68,-13.2,-8.5,0.285,14.561,102.0,110.5,5.293,51.51515,1.054,105.478,75.202
366,2018,Loyola Chicago,11,4,2.0,12.2,0.797,16.801,109.0,96.8,14.914,84.375,1.088,108.717,76.466
367,2018,Marshall,13,32,-2.5,4.4,0.618,2.18,107.8,103.4,16.115,69.69697,1.088,108.999,76.631
368,2018,Miami FL,6,64,2.7,17.1,0.869,81.652,112.6,95.5,28.51,70.96774,1.081,107.873,77.114
369,2018,Michigan,3,2,6.9,21.8,0.919,56.368,114.3,92.5,32.027,79.41176,1.114,111.172,77.771
370,2018,Michigan St.,3,32,8.0,25.7,0.942,84.499,119.4,93.7,27.212,87.87879,1.182,117.987,77.332
371,2018,Missouri,8,64,0.4,16.7,0.863,45.402,113.0,96.3,29.725,61.29032,1.084,108.104,77.943
372,2018,Montana,14,64,-1.1,8.5,0.72,16.392,107.6,99.1,13.047,77.41935,1.101,110.016,76.629
373,2018,Murray St.,12,64,-0.4,9.9,0.745,0.2,111.1,101.2,10.363,82.75862,1.143,114.708,76.282
374,2018,Nevada,7,16,2.5,16.5,0.85,57.081,118.0,101.5,19.663,79.41176,1.161,116.286,78.302
375,2018,New Mexico St.,12,64,1.3,12.7,0.811,16.867,106.9,94.2,14.546,83.33333,1.078,107.914,75.443
376,2018,North Carolina,2,32,7.1,24.4,0.93,77.447,121.2,96.8,39.014,71.42857,1.144,114.305,77.462
377,2018,North Carolina Central,16,68,-12.0,-14.3,0.17,4.118,96.8,111.1,6.345,51.6129,1.033,103.453,76.233
378,2018,North Carolina St.,9,64,0.9,13.7,0.812,43.838,114.8,101.1,28.427,65.625,1.123,111.861,76.427
379,2018,Ohio St.,5,32,4.5,22.5,0.923,59.776,116.1,93.6,29.904,75.0,1.111,111.339,76.726
380,2018,Oklahoma,10,64,1.1,16.6,0.855,70.869,115.9,99.3,35.193,58.06452,1.101,109.892,77.895
381,2018,Penn,16,64,-3.3,5.5,0.653,14.406,103.1,97.6,10.435,74.19355,1.053,105.352,76.057
382,2018,Providence,10,64,1.9,12.2,0.797,60.949,108.7,96.5,34.553,61.76471,1.042,104.379,77.674
383,2018,Purdue,2,16,7.6,29.2,0.957,59.458,123.6,94.4,30.493,82.35294,1.186,118.518,77.695
384,2018,Radford,16,64,-6.5,-1.7,0.453,1.613,101.8,103.5,12.213,62.5,1.039,104.001,74.782
385,2018,Rhode Island,7,32,1.6,13.7,0.822,56.579,110.2,96.5,19.269,78.125,1.097,109.867,75.66
386,2018,San Diego St.,11,64,-1.5,14.9,0.841,61.723,110.6,95.7,19.129,67.74194,1.095,109.484,78.323
387,2018,Seton Hall,8,32,2.5,19.1,0.887,61.137,116.5,97.4,32.678,65.625,1.105,110.561,78.034
388,2018,South Dakota St.,12,64,0.6,12.4,0.79,2.923,114.0,101.6,15.634,80.0,1.142,114.095,76.865
389,2018,St. Bonaventure,11,64,1.4,9.8,0.744,5.279,110.4,100.6,18.499,78.125,1.109,111.094,76.517
390,2018,Stephen F. Austin,14,64,-1.9,5.8,0.659,16.014,104.1,98.3,9.583,80.0,1.075,107.235,76.338
391,2018,Syracuse,11,16,-0.4,13.3,0.823,81.271,106.3,93.0,29.15,60.60606,1.03,103.016,80.1
392,2018,TCU,6,64,2.2,19.3,0.882,29.047,120.4,101.1,31.458,65.625,1.159,116.043,78.077
393,2018,Tennessee,3,32,6.4,22.0,0.921,47.881,114.3,92.3,32.934,75.75758,1.094,109.697,76.811
394,2018,Texas,10,64,1.4,15.9,0.861,74.625,108.6,92.7,36.484,57.57576,1.036,103.408,77.743
395,2018,Texas A&M,7,16,1.9,16.7,0.869,82.201,110.3,93.6,33.417,62.5,1.062,105.931,78.789
396,2018,Texas Southern,16,64,-10.9,-8.1,0.298,30.177,104.8,112.9,18.818,44.11765,1.063,106.41,75.756
397,2018,Texas Tech,3,8,4.7,21.8,0.922,36.705,112.9,91.1,31.897,72.72727,1.093,109.214,77.621
398,2018,UCLA,11,68,0.0,12.8,0.796,78.711,114.7,101.9,25.311,65.625,1.119,111.895,78.806
399,2018,UMBC,16,32,-4.9,-3.0,0.418,10.296,102.5,105.5,11.536,67.74194,1.05,104.772,75.848
400,2018,UNC Greensboro,13,64,-1.6,7.3,0.699,0.208,103.5,96.2,12.559,77.41935,1.066,106.847,77.161
401,2018,Villanova,1,1,10.6,32.3,0.966,80.592,127.7,95.4,32.489,88.23529,1.227,122.829,77.329
402,2018,Virginia,1,64,11.3,30.2,0.971,71.072,115.2,85.0,30.429,93.93939,1.112,111.133,77.508
403,2018,Virginia Tech,8,64,1.3,16.0,0.85,75.538,114.4,98.4,29.946,65.625,1.127,112.152,76.79
404,2018,West Virginia,5,16,4.6,23.8,0.929,38.54,119.1,95.3,33.146,70.58824,1.125,113.004,77.304
405,2018,Wichita St.,4,64,3.4,18.9,0.877,38.199,120.4,101.5,24.125,78.125,1.178,117.841,77.803
406,2018,Wright St.,14,64,-3.5,3.1,0.59,0.375,99.6,96.5,11.684,71.875,1.015,101.383,76.807
407,2018,Xavier,1,32,8.8,24.1,0.927,76.28,121.4,97.3,31.853,84.84848,1.155,115.53,78.483
408,2017,Arizona,2,16,7.9,22.0,0.918,71.921,116.3,94.3,25.711,88.23529,1.133,113.069,78.741
409,2017,Arkansas,8,32,3.9,14.3,0.821,36.848,115.4,101.1,28.939,73.52941,1.116,111.441,76.937
410,2017,Baylor,3,16,7.9,23.5,0.931,43.215,116.0,92.5,37.002,77.41935,1.106,110.829,77.785
411,2017,Bucknell,13,64,-2.1,7.9,0.706,0.2,107.5,99.6,12.194,76.47059,1.081,108.236,76.237
412,2017,Butler,4,16,5.5,20.5,0.901,48.146,117.5,97.0,32.565,74.19355,1.131,112.888,76.445
413,2017,Cincinnati,6,32,5.6,22.4,0.926,72.275,113.6,91.2,23.092,85.29412,1.131,112.406,77.674
414,2017,Creighton,6,64,4.3,20.3,0.902,45.608,115.6,95.3,29.959,72.72727,1.124,112.19,77.288
415,2017,Dayton,7,64,1.5,14.0,0.826,40.751,110.5,96.5,19.632,76.66667,1.091,109.246,76.592
416,2017,Duke,2,32,8.6,26.2,0.943,94.782,121.1,94.9,37.527,77.14286,1.157,115.574,78.431
417,2017,East Tennessee St.,13,64,-0.7,10.1,0.758,10.643,106.9,96.8,13.051,78.125,1.1,109.91,76.657
418,2017,Florida,4,8,6.3,26.4,0.952,70.37,115.7,89.3,33.955,75.0,1.102,109.917,77.266
419,2017,Florida Gulf Coast,14,64,-1.7,4.6,0.622,28.624,108.5,103.9,12.991,76.66667,1.119,111.909,76.896
420,2017,Florida St.,3,32,5.9,21.7,0.915,70.581,116.0,94.3,32.378,75.75758,1.139,113.774,79.168
421,2017,Gonzaga,1,2,7.7,31.8,0.972,68.782,119.8,88.0,19.459,96.9697,1.193,119.293,78.513
422,2017,Iona,14,64,-5.8,3.4,0.59,19.851,108.7,105.3,12.569,64.70588,1.1,110.079,76.03
423,2017,Iowa St.,5,32,6.5,22.5,0.919,54.193,118.1,95.6,39.139,69.69697,1.125,112.325,76.814
424,2017,Jacksonville St.,15,64,-8.1,-0.9,0.475,4.175,104.0,104.9,12.694,56.25,1.054,105.63,76.709
425,2017,Kansas,1,8,11.0,26.0,0.943,75.629,120.4,94.4,35.994,87.5,1.144,114.544,77.174
426,2017,Kansas St.,11,64,1.7,18.2,0.886,45.961,111.5,93.3,34.368,60.60606,1.057,105.897,77.426
427,2017,Kent St.,14,64,-7.2,1.3,0.536,14.694,103.8,102.5,11.162,61.76471,1.059,105.728,76.15
428,2017,Kentucky,2,8,9.0,27.7,0.954,86.539,119.2,91.5,30.841,85.29412,1.144,114.251,77.433
429,2017,Louisville,2,32,6.9,26.5,0.952,71.596,116.2,89.7,35.79,75.0,1.117,111.775,78.3
430,2017,Marquette,10,64,0.6,19.8,0.886,76.631,121.4,101.6,30.575,61.29032,1.157,115.653,76.594
431,2017,Maryland,6,64,3.7,15.6,0.847,72.827,113.0,97.4,27.505,74.19355,1.079,108.151,77.287
432,2017,Miami FL,8,64,2.9,18.4,0.89,74.813,110.7,92.3,33.96,65.625,1.067,106.563,78.107
433,2017,Michigan,7,16,3.8,23.7,0.924,64.639,121.6,97.9,31.879,68.57143,1.162,116.209,78.154
434,2017,Michigan St.,9,32,0.4,15.1,0.846,70.413,109.7,94.6,33.378,57.57576,1.047,104.856,75.953
435,2017,Middle Tennessee,12,32,2.0,14.1,0.828,17.718,110.4,96.3,12.053,87.87879,1.118,111.884,76.761
436,2017,Minnesota,5,64,3.7,16.5,0.87,59.566,108.3,91.8,28.647,72.72727,1.045,104.14,78.278
437,2017,Mount St. Mary's,16,64,-7.9,-3.4,0.403,4.25,98.2,101.6,15.979,55.88235,0.992,99.3625,74.935
438,2017,Nevada,12,64,1.7,12.4,0.791,31.488,113.5,101.1,15.312,82.35294,1.123,112.28,77.499
439,2017,New Mexico St.,14,64,-0.3,7.2,0.687,1.948,109.0,101.8,10.347,83.33333,1.11,110.733,76.628
440,2017,New Orleans,16,68,-6.3,-1.9,0.446,0.455,99.1,101.0,11.906,60.71429,1.015,101.904,75.938
441,2017,North Carolina,1,1,8.3,27.9,0.953,88.126,121.0,93.1,35.516,78.78788,1.165,116.337,77.937
442,2017,North Carolina Central,16,68,-5.1,1.0,0.528,0.2,101.8,100.8,6.379,73.33333,1.076,107.657,75.773
443,2017,North Dakota,15,64,-5.3,-0.5,0.486,0.2,102.1,102.6,8.396,67.85714,1.065,106.471,76.538
444,2017,Northern Kentucky,15,64,-4.9,1.3,0.536,10.36,105.6,104.3,10.902,68.75,1.068,106.891,76.687
445,2017,Northwestern,8,32,2.0,16.4,0.863,54.109,111.1,94.7,28.272,67.64706,1.072,107.189,77.838
446,2017,Notre Dame,5,32,5.9,23.1,0.922,65.922,119.5,96.4,34.028,73.52941,1.146,114.424,77.4
447,2017,Oklahoma St.,10,64,3.3,23.7,0.918,54.425,125.1,101.4,38.667,61.29032,1.172,116.954,76.346
448,2017,Oregon,3,4,6.0,22.3,0.921,56.758,116.0,93.7,23.71,84.84848,1.139,113.722,77.427
449,2017,Princeton,12,64,-0.4,11.5,0.785,8.705,108.1,96.6,13.417,78.57143,1.09,109.696,76.812
450,2017,Providence,11,68,0.6,12.9,0.813,55.541,107.4,94.5,29.678,62.5,1.033,103.256,77.634
451,2017,Purdue,4,16,5.6,23.8,0.933,67.524,116.1,92.3,29.59,78.125,1.13,112.965,76.997
452,2017,Rhode Island,11,32,0.4,15.3,0.848,64.496,110.2,94.9,20.094,72.72727,1.086,108.7,77.065
453,2017,Saint Mary's,7,32,3.9,24.1,0.932,24.566,118.3,94.2,18.282,87.5,1.184,118.452,77.576
454,2017,Seton Hall,9,64,2.7,12.8,0.809,55.205,108.6,95.8,32.687,65.625,1.052,104.876,77.608
455,2017,SMU,6,64,6.4,25.1,0.939,64.748,118.8,93.7,22.062,88.23529,1.167,116.641,78.474
456,2017,South Carolina,7,4,1.7,16.9,0.882,50.958,105.2,88.3,27.468,67.74194,1.009,101.278,77.096
457,2017,South Dakota St.,16,64,-9.8,-3.1,0.42,6.456,108.6,111.7,13.118,50.0,1.101,110.093,77.531
458,2017,Texas Southern,16,64,-4.4,-4.9,0.368,5.421,101.7,106.6,15.142,67.64706,1.063,106.57,74.36
459,2017,Troy,15,64,-8.1,1.8,0.548,10.042,108.8,107.0,11.532,58.82353,1.092,109.346,76.391
460,2017,UC Davis,16,64,-7.5,-3.1,0.411,5.789,97.9,101.0,9.044,62.5,0.986,98.5122,75.769
461,2017,UCLA,3,16,6.7,22.5,0.913,77.967,121.7,99.2,23.941,87.87879,1.208,120.722,78.441
462,2017,UNC Wilmington,12,64,1.5,12.5,0.786,5.2,117.1,104.6,13.569,84.375,1.18,118.069,75.533
463,2017,USC,11,32,1.3,11.6,0.78,81.237,111.2,99.6,23.057,72.72727,1.107,110.855,78.071
464,2017,Vanderbilt,9,64,0.1,17.6,0.876,53.364,112.8,95.2,33.443,55.88235,1.057,105.957,78.27
465,2017,VCU,10,64,1.3,12.1,0.797,42.055,107.9,95.8,18.914,76.47059,1.069,106.826,76.401
466,2017,Vermont,13,64,0.7,10.9,0.77,6.681,109.5,98.6,12.311,84.84848,1.125,112.739,76.783
467,2017,Villanova,1,32,11.1,30.0,0.962,75.837,122.2,92.2,30.578,91.17647,1.18,117.917,77.636
468,2017,Virginia,5,32,5.0,27.4,0.959,71.089,114.1,86.7,35.989,68.75,1.091,109.116,77.405
469,2017,Virginia Tech,9,64,3.3,15.0,0.83,67.076,116.4,101.4,32.173,68.75,1.125,112.502,76.574
470,2017,Wake Forest,11,68,1.3,19.6,0.883,47.009,121.4,101.8,34.379,59.375,1.153,115.266,77.249
471,2017,West Virginia,4,16,6.4,26.3,0.951,43.642,116.1,89.8,32.564,76.47059,1.127,112.338,77.619
472,2017,Wichita St.,10,32,4.1,24.1,0.934,40.472,116.9,92.8,17.09,87.87879,1.177,117.578,77.722
473,2017,Winthrop,13,64,-1.8,3.7,0.601,5.374,105.4,101.7,9.847,80.0,1.086,108.867,74.895
474,2017,Wisconsin,8,16,5.1,22.0,0.923,56.744,113.5,91.5,31.468,73.52941,1.102,110.209,77.532
475,2017,Xavier,11,8,1.6,17.2,0.867,61.847,114.5,97.3,32.401,61.76471,1.087,108.762,78.488
476,2016,Arizona,6,64,3.4,20.7,0.905,66.359,116.4,95.7,25.107,75.75758,1.136,113.644,78.309
477,2016,Austin Peay,16,64,-11.3,-6.6,0.327,0.232,101.8,108.4,12.023,48.48485,1.047,104.791,76.334
478,2016,Baylor,5,64,3.5,18.5,0.877,48.262,117.8,99.3,35.471,65.625,1.124,112.458,76.784
479,2016,Buffalo,14,64,-5.8,1.8,0.55,6.348,104.3,102.5,17.81,57.57576,1.05,104.917,77.17
480,2016,Butler,9,32,2.1,18.5,0.877,61.077,117.9,99.4,29.739,67.74194,1.144,113.775,77.299
481,2016,Cal St. Bakersfield,15,64,-3.5,7.7,0.709,5.421,103.2,95.5,10.513,72.41379,1.045,104.634,75.521
482,2016,California,4,64,2.2,19.5,0.899,78.13,112.5,93.0,27.208,69.69697,1.09,109.094,79.119
483,2016,Chattanooga,12,64,0.4,5.6,0.651,7.903,105.9,100.3,11.639,84.375,1.101,109.685,77.023
484,2016,Cincinnati,9,64,0.3,16.8,0.872,56.651,109.5,92.7,23.448,68.75,1.085,108.015,77.619
485,2016,Colorado,8,64,0.7,12.4,0.803,53.765,107.8,95.4,26.719,65.625,1.055,105.3,78.037
486,2016,Connecticut,9,32,1.2,17.1,0.874,72.327,110.4,93.3,23.62,70.58824,1.091,108.729,77.999
487,2016,Dayton,7,64,2.4,14.2,0.838,36.347,106.8,92.6,20.789,78.125,1.052,105.445,76.731
488,2016,Duke,4,16,4.2,23.0,0.918,94.152,121.5,98.5,32.331,69.69697,1.183,118.081,78.698
489,2016,Fairleigh Dickinson,16,68,-9.9,-10.9,0.241,0.2,103.7,114.6,9.645,54.83871,1.057,105.805,75.774
490,2016,Florida Gulf Coast,16,64,-8.4,-0.7,0.48,24.576,102.3,103.0,11.006,55.17241,1.062,106.57,77.38
491,2016,Fresno St.,14,64,-0.9,5.6,0.652,40.734,105.5,99.9,17.899,71.875,1.048,104.645,77.191
492,2016,Gonzaga,11,16,2.1,20.7,0.904,58.0,117.0,96.3,20.236,78.125,1.159,116.179,78.445
493,2016,Green Bay,14,64,-4.5,2.5,0.568,0.2,106.9,104.4,15.675,63.63636,1.07,107.029,76.726
494,2016,Hampton,16,64,-6.3,-8.9,0.269,4.609,98.0,106.9,8.629,66.66667,1.022,102.131,76.047
495,2016,Hawaii,13,32,0.8,11.4,0.784,15.446,107.3,95.9,13.153,83.33333,1.078,107.946,77.367
496,2016,Holy Cross,16,64,-14.5,-10.3,0.239,5.623,97.3,107.6,9.645,42.42424,0.991,99.1292,76.3
497,2016,Indiana,5,16,3.2,22.1,0.912,68.041,120.1,98.0,23.197,78.125,1.191,119.203,77.368
498,2016,Iona,13,64,-3.6,6.1,0.66,8.384,108.9,102.8,13.931,68.75,1.096,109.763,76.593
499,2016,Iowa,7,32,2.0,21.2,0.911,54.413,116.0,94.8,29.23,67.74194,1.122,112.194,78.494
500,2016,Iowa St.,4,16,3.6,21.5,0.906,63.044,120.4,98.9,34.953,65.625,1.129,112.951,77.43
501,2016,Kansas,1,8,11.6,29.2,0.961,80.776,120.5,91.3,35.686,87.87879,1.141,114.369,77.281
502,2016,Kentucky,4,32,5.0,26.5,0.943,92.397,122.3,95.8,28.159,76.47059,1.157,116.122,76.716
503,2016,Little Rock,12,32,2.1,11.3,0.783,0.475,106.9,95.6,13.219,87.09677,1.088,108.823,76.067
504,2016,Maryland,5,16,4.0,18.7,0.885,87.245,115.1,96.4,28.313,75.0,1.124,112.511,79.102
505,2016,Miami FL,3,16,6.9,23.4,0.926,66.635,118.8,95.4,32.355,78.125,1.138,113.767,77.696
506,2016,Michigan,11,64,0.8,15.0,0.834,54.482,114.7,99.7,29.236,63.63636,1.124,112.432,77.95
507,2016,Michigan St.,2,64,7.2,26.6,0.945,59.574,121.4,94.8,26.632,85.29412,1.183,118.21,77.182
508,2016,Middle Tennessee,15,32,-3.2,3.7,0.605,8.754,102.2,98.5,12.345,70.96774,1.041,104.147,76.546
509,2016,North Carolina,1,2,8.5,25.8,0.942,90.938,120.1,94.3,32.034,82.35294,1.164,116.284,77.842
510,2016,Northern Iowa,11,32,-2.1,11.2,0.777,36.74,108.8,97.6,21.49,63.63636,1.057,105.503,76.842
511,2016,Notre Dame,6,8,2.3,14.9,0.824,76.873,118.4,103.5,31.682,65.625,1.153,115.106,77.594
512,2016,Oklahoma,2,4,8.0,24.8,0.938,57.714,117.6,92.8,35.834,78.125,1.114,111.285,77.014
513,2016,Oregon,1,8,6.7,20.8,0.904,51.771,117.7,96.9,27.638,81.81818,1.126,112.707,78.112
514,2016,Oregon St.,7,64,0.3,11.7,0.785,44.404,109.8,98.1,30.461,60.0,1.05,104.95,77.982
515,2016,Pittsburgh,10,64,1.8,17.1,0.864,57.184,115.3,98.2,31.513,64.51613,1.131,112.668,78.609
516,2016,Providence,9,32,3.3,13.8,0.826,59.887,108.9,95.1,31.166,69.69697,1.047,104.928,77.805
517,2016,Purdue,5,64,4.4,23.8,0.933,66.451,116.6,92.8,26.889,76.47059,1.141,114.086,78.542
518,2016,Saint Joseph's,8,32,3.4,16.1,0.854,41.08,113.0,96.9,21.526,79.41176,1.097,109.969,76.953
519,2016,Seton Hall,6,64,5.3,18.7,0.893,62.243,111.2,92.5,30.728,75.75758,1.055,105.725,77.746
520,2016,South Dakota St.,12,64,-1.2,9.8,0.744,12.379,110.5,100.7,12.136,77.41935,1.105,110.364,76.548
521,2016,Southern,16,68,-8.1,-6.0,0.339,3.311,100.0,106.0,8.427,61.29032,1.025,102.543,75.812
522,2016,Stephen F. Austin,14,32,-1.2,10.9,0.772,0.458,108.5,97.6,9.477,82.14286,1.15,115.066,74.908
523,2016,Stony Brook,13,64,-1.1,7.4,0.697,0.2,106.1,98.7,11.251,80.0,1.112,111.257,76.619
524,2016,Syracuse,10,4,-0.3,16.2,0.86,88.863,110.8,94.6,30.281,59.375,1.065,106.806,78.621
525,2016,Temple,10,64,-0.1,8.2,0.716,55.758,106.3,98.1,24.923,65.625,1.024,102.785,77.473
526,2016,Texas,6,64,3.2,16.2,0.859,73.204,111.5,95.3,36.005,62.5,1.058,105.726,76.959
527,2016,Texas A&M,3,16,5.2,21.5,0.918,69.544,113.7,92.2,27.831,76.47059,1.104,110.081,78.219
528,2016,Texas Tech,8,64,1.3,13.9,0.82,18.334,112.4,98.5,32.532,61.29032,1.07,107.068,77.56
529,2016,Tulsa,11,68,-1.2,9.8,0.747,3.983,109.2,99.4,22.502,64.51613,1.064,106.594,76.347
530,2016,UNC Asheville,15,64,-6.3,1.7,0.549,11.114,101.1,99.4,10.414,64.51613,1.048,104.894,75.882
531,2016,UNC Wilmington,13,64,-0.7,8.0,0.707,1.709,108.6,100.6,13.73,76.66667,1.094,109.082,76.038
532,2016,USC,8,64,0.2,15.8,0.848,72.171,113.8,98.0,26.984,63.63636,1.095,109.548,78.528
533,2016,Utah,3,32,5.6,17.9,0.875,34.826,115.2,97.3,30.751,75.75758,1.12,111.524,77.564
534,2016,Vanderbilt,11,68,-0.4,21.8,0.919,60.005,114.6,92.8,29.795,59.375,1.1,110.017,78.641
535,2016,VCU,10,32,-0.1,17.6,0.878,38.015,111.4,93.8,20.513,70.58824,1.096,109.987,76.701
536,2016,Villanova,2,1,8.9,28.5,0.959,81.555,118.9,90.4,30.779,85.29412,1.133,113.604,77.358
537,2016,Virginia,1,8,8.7,27.6,0.954,74.302,119.5,91.9,36.199,78.78788,1.146,114.8,77.777
538,2016,Weber St.,15,64,-3.7,3.3,0.593,1.595,102.9,99.6,9.167,74.19355,1.069,107.01,76.775
539,2016,West Virginia,3,64,7.4,25.2,0.944,46.477,115.4,90.2,34.85,76.47059,1.112,110.829,77.299
540,2016,Wichita St.,11,32,0.2,21.2,0.919,27.563,111.5,90.3,18.276,74.19355,1.097,109.501,77.002
541,2016,Wisconsin,7,16,0.4,14.6,0.837,58.366,110.2,95.6,29.577,62.5,1.066,106.662,78.016
542,2016,Xavier,2,32,7.7,22.6,0.922,65.075,117.1,94.5,29.509,84.375,1.117,111.904,77.888
543,2016,Yale,12,32,-0.1,12.9,0.812,3.85,108.2,95.3,15.942,77.77778,1.107,110.744,76.942
544,2015,Albany,14,64,-3.3,2.6,0.572,0.2,104.7,102.1,9.985,75.0,1.065,106.836,76.71
545,2015,Arizona,2,8,9.0,29.0,0.965,82.563,115.5,86.5,24.455,91.17647,1.14,113.625,77.836
546,2015,Arkansas,5,32,3.8,16.3,0.857,61.527,113.3,97.0,25.539,76.47059,1.102,109.877,77.545
547,2015,Baylor,3,64,5.0,23.0,0.927,33.696,115.8,92.8,31.828,71.875,1.095,109.564,76.311
548,2015,Belmont,15,64,-4.7,0.8,0.522,19.383,107.3,106.5,11.943,67.74194,1.095,109.106,76.504
549,2015,Boise St.,11,68,0.2,12.4,0.799,4.95,109.5,97.1,19.11,74.19355,1.098,109.924,77.255
550,2015,Buffalo,12,64,-1.3,11.2,0.777,15.051,108.8,97.6,17.477,71.875,1.089,108.964,76.908
551,2015,Butler,6,32,3.5,18.8,0.899,52.49,108.5,89.7,31.075,68.75,1.065,106.552,76.992
552,2015,BYU,11,68,0.8,17.4,0.862,41.166,118.1,100.7,21.629,71.875,1.158,116.014,77.578
553,2015,Cincinnati,8,32,-1.3,13.9,0.833,58.388,106.4,92.5,18.539,68.75,1.037,104.058,77.594
554,2015,Coastal Carolina,16,64,-5.1,1.4,0.539,0.439,104.2,102.8,9.135,68.96552,1.088,109.08,75.743
555,2015,Davidson,10,64,1.7,16.9,0.853,6.209,119.3,102.4,20.72,76.66667,1.173,117.158,75.898
556,2015,Dayton,11,32,0.8,11.7,0.792,46.592,106.5,94.8,18.021,75.75758,1.056,105.537,75.992
557,2015,Duke,1,1,10.7,31.5,0.966,95.491,124.6,93.1,33.93,87.87879,1.202,120.499,77.534
558,2015,Eastern Washington,13,64,-2.6,3.3,0.586,0.557,110.8,107.5,12.026,74.19355,1.151,114.793,77.278
559,2015,Georgetown,4,32,3.8,18.3,0.887,84.19,111.5,93.2,32.914,67.74194,1.076,107.548,78.19
560,2015,Georgia,10,64,1.6,14.6,0.842,57.857,107.8,93.2,28.552,65.625,1.032,103.296,76.934
561,2015,Georgia St.,14,32,-3.0,10.6,0.764,39.26,109.1,98.5,13.113,71.875,1.086,108.62,76.722
562,2015,Gonzaga,2,8,7.8,27.5,0.952,61.37,120.4,92.9,20.733,93.93939,1.2,120.007,78.235
563,2015,Hampton,16,64,-12.6,-8.8,0.264,8.221,94.1,102.9,9.527,48.48485,0.967,96.6099,75.964
564,2015,Harvard,13,64,-1.3,7.0,0.696,32.039,100.9,93.9,14.711,74.07407,1.016,101.729,76.977
565,2015,Indiana,10,64,-0.3,15.5,0.833,74.203,118.9,103.4,28.304,60.60606,1.155,115.321,76.406
566,2015,Iowa,7,32,2.1,20.5,0.909,58.944,113.1,92.6,30.508,65.625,1.07,107.06,78.765
567,2015,Iowa St.,3,64,7.1,21.4,0.909,43.965,118.1,96.7,33.687,75.75758,1.122,112.195,77.31
568,2015,Kansas,2,32,9.0,22.3,0.926,83.717,113.3,91.0,37.228,76.47059,1.062,106.342,77.516
569,2015,Kentucky,1,4,13.1,35.5,0.983,95.498,119.0,83.5,27.097,100.0,1.16,115.91,79.292
570,2015,Lafayette,16,64,-7.1,-3.1,0.421,0.994,110.6,113.7,11.111,61.29032,1.135,113.655,75.957
571,2015,Louisville,4,8,5.8,21.3,0.926,79.783,107.9,86.6,32.346,75.0,1.041,103.478,76.847
572,2015,LSU,9,64,0.5,13.4,0.823,58.994,107.1,93.7,22.949,68.75,1.033,103.515,77.616
573,2015,Manhattan,16,68,-7.7,0.9,0.526,12.059,100.5,99.6,10.881,59.375,1.013,101.28,77.275
574,2015,Maryland,4,32,6.9,16.0,0.859,69.338,109.9,93.9,29.027,81.81818,1.065,106.605,78.33
575,2015,Michigan St.,7,4,3.1,22.2,0.922,62.703,114.8,92.6,31.101,67.64706,1.106,110.854,76.178
576,2015,Mississippi,11,64,-0.5,13.7,0.816,46.963,112.7,99.0,25.591,62.5,1.082,108.54,77.142
577,2015,New Mexico St.,15,64,-4.5,6.3,0.672,9.776,104.4,98.1,12.832,67.74194,1.074,107.386,77.231
578,2015,North Carolina,4,16,6.5,26.7,0.95,89.438,118.4,91.7,38.128,68.57143,1.114,111.24,77.336
579,2015,North Carolina St.,8,16,1.1,16.0,0.852,79.763,113.3,97.3,32.14,60.60606,1.084,108.152,77.566
580,2015,North Dakota St.,15,64,-4.0,-0.4,0.489,4.013,100.5,100.9,11.808,70.0,1.029,103.552,76.631
581,2015,North Florida,16,68,-5.1,0.4,0.511,11.873,105.1,104.7,14.08,64.51613,1.094,109.633,77.605
582,2015,Northeastern,14,64,-4.6,5.7,0.653,9.221,106.6,100.9,12.624,67.64706,1.069,107.202,77.753
583,2015,Northern Iowa,5,32,5.4,21.8,0.92,47.901,114.0,92.2,17.742,90.90909,1.12,112.497,76.839
584,2015,Notre Dame,3,8,8.6,24.6,0.927,78.911,124.4,99.8,30.379,85.29412,1.213,121.259,77.249
585,2015,Ohio St.,10,32,2.5,21.4,0.916,88.173,114.2,92.8,28.047,69.69697,1.142,113.772,77.558
586,2015,Oklahoma,3,16,4.5,22.7,0.935,58.549,110.0,87.3,33.364,68.75,1.048,104.826,76.85
587,2015,Oklahoma St.,9,64,0.2,14.9,0.843,49.866,109.7,94.8,32.538,56.66667,1.029,103.183,75.596
588,2015,Oregon,8,32,3.0,13.1,0.806,54.645,112.6,99.5,26.458,72.72727,1.09,108.976,76.753
589,2015,Providence,6,64,3.7,17.8,0.88,63.346,111.8,94.0,33.586,66.66667,1.061,106.002,78.609
590,2015,Purdue,9,64,1.0,15.6,0.853,63.657,110.1,94.5,29.197,63.63636,1.067,106.573,78.128
591,2015,Robert Morris,16,64,-8.6,-2.8,0.421,0.888,99.9,102.7,11.81,57.57576,1.026,103.062,76.894
592,2015,San Diego St.,8,32,1.3,15.6,0.87,55.636,102.5,86.9,19.89,75.75758,1.008,100.656,78.713
593,2015,SMU,6,64,3.1,16.7,0.867,51.046,111.2,94.5,20.21,81.25,1.098,109.913,77.458
594,2015,St. John's,9,64,2.4,15.8,0.857,73.416,109.6,93.8,32.181,64.51613,1.042,104.366,76.84
595,2015,Stephen F. Austin,12,64,1.2,12.7,0.801,0.2,111.6,98.9,12.66,86.66667,1.159,115.74,75.281
596,2015,Texas,11,64,0.9,19.2,0.9,72.06,110.6,91.4,31.601,60.60606,1.066,106.502,77.466
597,2015,Texas Southern,15,64,-4.5,-5.2,0.36,5.896,101.2,106.4,17.067,64.70588,1.035,103.362,75.808
598,2015,UAB,14,32,-7.5,1.4,0.54,31.578,101.8,100.4,16.263,54.54545,1.01,101.144,76.763
599,2015,UC Irvine,13,64,-4.5,7.7,0.706,7.799,105.0,97.3,16.828,61.29032,1.035,103.694,77.482
600,2015,UCLA,11,16,0.0,13.2,0.813,74.717,110.1,96.9,29.935,60.60606,1.059,105.49,78.269
601,2015,Utah,5,16,3.7,26.2,0.951,27.543,115.1,88.9,27.56,74.19355,1.139,113.65,77.76
602,2015,Valparaiso,13,64,0.1,10.7,0.775,14.341,105.0,94.3,11.044,83.33333,1.078,107.552,77.671
603,2015,VCU,7,64,3.0,15.1,0.848,40.345,109.0,93.9,24.351,74.28571,1.066,106.572,76.378
604,2015,Villanova,1,32,11.3,29.3,0.961,67.053,120.7,91.4,27.643,94.11765,1.163,116.619,77.403
605,2015,Virginia,2,32,10.0,29.9,0.972,73.465,113.2,83.3,30.179,90.625,1.108,110.716,78.344
606,2015,West Virginia,5,16,4.1,17.6,0.88,49.102,110.5,92.9,29.931,71.875,1.061,106.429,76.541
607,2015,Wichita St.,7,16,4.2,22.4,0.925,11.93,114.1,91.7,18.668,87.09677,1.117,111.943,75.619
608,2015,Wisconsin,1,2,11.4,34.3,0.974,67.699,126.4,92.1,30.284,91.17647,1.205,120.495,79.203
609,2015,Wofford,12,64,0.2,5.3,0.648,1.842,102.5,97.2,14.245,81.25,1.06,106.401,75.659
610,2015,Wyoming,12,64,-1.6,5.1,0.642,11.536,102.7,97.6,16.07,71.875,1.029,103.166,76.897
611,2015,Xavier,6,16,1.4,18.8,0.886,55.641,115.0,96.2,30.82,61.76471,1.094,109.333,77.273
612,2014,Albany,16,64,-8.6,-1.9,0.447,0.235,102.2,104.1,10.783,56.25,1.035,103.577,76.803
613,2014,American,15,64,-5.5,5.0,0.639,0.727,103.5,98.5,13.329,62.5,1.047,104.931,76.437
614,2014,Arizona,1,8,9.4,28.3,0.963,82.869,115.0,86.7,28.319,88.23529,1.121,112.267,77.558
615,2014,Arizona St.,10,64,1.2,14.4,0.834,30.871,109.9,95.5,27.225,65.625,1.067,107.019,77.424
616,2014,Baylor,6,16,3.1,17.0,0.857,51.342,118.1,101.1,30.866,66.66667,1.138,114.101,77.66
617,2014,BYU,10,64,0.6,13.8,0.815,40.749,114.2,100.4,24.303,66.66667,1.125,112.555,77.861
618,2014,Cal Poly,16,64,-10.7,-1.1,0.47,3.745,103.0,104.1,19.389,36.66667,1.022,102.501,76.193
619,2014,Cincinnati,5,64,5.3,17.5,0.883,51.198,108.6,91.1,24.925,81.81818,1.079,107.367,77.546
620,2014,Coastal Carolina,16,64,-7.7,-5.2,0.355,3.527,97.3,102.5,9.213,60.0,1.019,102.067,76.7
621,2014,Colorado,8,64,2.4,12.3,0.801,65.69,108.0,95.7,28.422,67.64706,1.043,103.716,77.977
622,2014,Connecticut,7,1,4.7,18.8,0.893,59.433,111.6,92.8,27.116,76.47059,1.086,108.213,77.542
623,2014,Creighton,3,32,5.6,26.1,0.935,27.104,126.5,100.4,26.415,78.78788,1.214,121.422,76.528
624,2014,Dayton,11,8,0.6,12.6,0.795,40.971,113.2,100.6,21.556,69.69697,1.109,110.764,76.824
625,2014,Delaware,13,64,-1.4,5.0,0.63,10.393,110.9,105.9,15.098,73.52941,1.118,111.766,76.369
626,2014,Duke,3,64,6.5,28.3,0.949,86.76,126.1,97.8,30.879,76.47059,1.198,119.916,77.872
627,2014,Eastern Kentucky,15,64,-3.3,3.3,0.586,1.4,111.0,107.7,12.669,70.96774,1.149,114.893,75.772
628,2014,Florida,1,4,11.7,27.1,0.955,69.322,115.9,88.8,29.067,94.11765,1.114,111.583,77.511
629,2014,George Washington,9,64,3.2,13.9,0.825,27.304,110.1,96.2,24.145,75.0,1.073,107.234,78.002
630,2014,Gonzaga,8,32,4.0,20.7,0.908,47.31,114.6,93.9,19.867,81.81818,1.14,113.905,76.999
631,2014,Harvard,12,32,2.2,16.3,0.861,23.108,111.4,95.1,13.951,86.2069,1.119,111.823,76.561
632,2014,Iowa,11,68,1.2,22.9,0.918,58.577,120.8,97.9,30.549,62.5,1.154,115.603,78.862
633,2014,Iowa St.,3,16,7.5,19.8,0.895,47.303,116.6,96.8,31.563,78.78788,1.131,113.458,76.666
634,2014,Kansas,2,32,6.9,24.7,0.934,89.062,120.2,95.5,35.326,72.72727,1.149,115.053,77.614
635,2014,Kansas St.,9,64,0.5,15.1,0.849,59.93,108.1,93.0,28.247,62.5,1.048,105.093,76.486
636,2014,Kentucky,8,2,3.9,20.2,0.901,93.139,115.9,95.7,29.5,70.58824,1.124,112.311,79.303
637,2014,Louisiana Lafayette,14,64,-3.8,6.0,0.655,7.218,110.9,104.9,16.225,64.51613,1.1,110.051,75.913
638,2014,Louisville,4,16,5.3,31.0,0.97,58.072,119.2,88.2,21.304,85.29412,1.188,118.693,76.472
639,2014,Manhattan,13,64,-0.5,9.0,0.734,5.007,106.4,97.4,12.444,78.125,1.075,107.54,76.377
640,2014,Massachusetts,6,64,3.6,13.6,0.821,27.037,109.7,96.1,24.043,75.0,1.057,105.606,76.647
641,2014,Memphis,8,32,2.8,16.1,0.855,69.609,112.4,96.3,28.502,70.96774,1.081,107.885,76.699
642,2014,Mercer,14,32,-2.8,7.4,0.693,2.917,108.4,101.0,11.039,74.19355,1.126,113.08,77.465
643,2014,Michigan,2,8,7.7,23.3,0.918,71.641,123.0,99.7,36.032,75.75758,1.171,117.142,77.218
644,2014,Michigan St.,4,8,6.9,23.6,0.928,82.535,118.4,94.8,32.172,76.47059,1.137,113.386,77.073
645,2014,Milwaukee,15,64,-6.1,0.0,0.5,6.6,104.5,104.5,13.476,60.60606,1.03,103.161,76.747
646,2014,Mount St. Mary's,16,68,-9.4,-4.2,0.392,2.524,107.5,111.7,14.292,50.0,1.077,108.139,76.317
647,2014,Nebraska,11,64,1.3,12.6,0.805,46.368,108.6,96.0,31.541,61.29032,1.026,102.429,77.264
648,2014,New Mexico,7,64,4.4,16.7,0.861,19.974,113.8,97.1,21.24,81.81818,1.12,111.799,78.348
649,2014,New Mexico St.,13,64,-2.3,10.0,0.746,18.464,112.1,102.1,13.619,73.52941,1.137,113.903,77.679
650,2014,North Carolina,6,32,4.2,17.8,0.88,85.624,111.7,93.9,30.458,71.875,1.082,107.984,77.277
651,2014,North Carolina Central,14,64,-0.6,6.9,0.684,2.483,106.2,99.3,10.219,83.87097,1.106,110.774,76.001
652,2014,North Carolina St.,12,64,0.6,11.6,0.776,63.363,113.2,101.6,29.638,61.76471,1.08,108.169,78.164
653,2014,North Dakota St.,12,32,0.2,9.9,0.738,6.109,114.8,104.9,14.3,78.57143,1.166,116.89,77.811
654,2014,Ohio St.,6,64,4.5,20.9,0.92,83.039,109.3,88.4,28.439,73.52941,1.066,106.678,77.464
655,2014,Oklahoma,5,64,4.1,18.6,0.877,61.684,118.4,99.8,29.271,71.875,1.132,113.353,76.84
656,2014,Oklahoma St.,9,64,1.4,21.9,0.917,69.881,116.4,94.5,28.791,63.63636,1.133,113.295,76.211
657,2014,Oregon,7,32,2.6,16.7,0.854,58.907,117.3,100.6,25.655,71.875,1.147,114.697,75.908
658,2014,Pittsburgh,9,32,4.1,22.7,0.923,74.729,117.1,94.4,27.298,73.52941,1.133,112.86,77.463
659,2014,Providence,11,64,1.2,13.7,0.815,43.138,113.2,99.5,27.234,64.70588,1.088,109.064,78.576
660,2014,Saint Joseph's,10,64,2.1,15.1,0.839,38.758,112.9,97.8,22.509,72.72727,1.078,107.73,77.351
661,2014,Saint Louis,5,32,3.8,15.4,0.86,14.572,105.4,90.0,21.668,80.64516,1.032,103.028,76.18
662,2014,San Diego St.,4,16,6.0,17.8,0.887,55.124,108.4,90.6,22.259,87.09677,1.07,106.932,78.555
663,2014,Stanford,10,16,1.1,14.7,0.834,73.42,112.5,97.8,28.957,63.63636,1.091,108.976,78.449
664,2014,Stephen F. Austin,12,32,1.7,10.2,0.752,0.2,110.8,100.6,7.349,93.54839,1.16,116.078,75.226
665,2014,Syracuse,3,32,7.9,21.8,0.918,87.563,115.3,93.5,28.889,84.375,1.119,111.717,78.485
666,2014,Tennessee,11,16,0.4,22.6,0.923,70.938,116.2,93.6,27.83,62.5,1.116,111.688,78.128
667,2014,Texas,7,32,3.6,15.7,0.853,66.138,110.8,95.1,29.843,69.69697,1.063,106.37,76.477
668,2014,Texas Southern,16,68,-9.7,-6.2,0.343,14.806,106.6,112.8,8.739,56.25,1.091,109.188,76.437
669,2014,Tulsa,13,64,-3.6,8.8,0.73,7.721,106.1,97.3,17.432,63.63636,1.055,105.665,76.546
670,2014,UCLA,4,16,4.5,21.6,0.91,82.764,118.5,96.9,25.87,76.47059,1.155,115.426,78.78
671,2014,VCU,5,64,3.6,18.0,0.891,34.176,107.8,89.8,23.556,76.47059,1.051,105.321,76.386
672,2014,Villanova,2,32,8.3,23.3,0.929,68.549,116.1,92.8,27.216,87.5,1.142,114.183,77.532
673,2014,Virginia,1,16,8.2,24.8,0.945,71.947,113.2,88.4,30.369,82.35294,1.086,108.671,78.348
674,2014,Weber St.,16,64,-6.9,-1.4,0.462,6.732,105.2,106.6,9.596,60.71429,1.105,110.674,77.16
675,2014,Western Michigan,14,64,-2.9,2.9,0.58,9.135,105.0,102.1,12.19,70.96774,1.067,106.304,77.081
676,2014,Wichita St.,1,32,8.1,22.0,0.919,8.712,115.5,93.5,15.817,100.0,1.158,115.962,76.437
677,2014,Wisconsin,2,4,7.9,25.3,0.936,66.98,121.9,96.6,32.853,78.78788,1.152,115.242,76.946
678,2014,Wofford,15,64,-6.5,-3.1,0.413,1.02,100.1,103.2,12.999,58.62069,1.043,104.578,75.689
679,2014,Xavier,12,68,1.4,13.5,0.813,63.684,112.6,99.1,29.174,63.63636,1.09,109.087,77.028
680,2013,Akron,12,64,0.3,11.6,0.793,28.109,105.4,93.8,14.733,80.64516,1.067,106.661,77.857
681,2013,Albany,15,64,-4.5,1.5,0.543,0.2,101.1,99.6,11.678,70.58824,1.022,102.015,75.572
682,2013,Arizona,6,16,4.6,20.6,0.91,89.719,113.0,92.4,26.545,78.125,1.089,108.948,78.072
683,2013,Belmont,11,64,0.1,14.0,0.83,12.834,108.9,94.9,15.327,80.0,1.123,112.45,76.268
684,2013,Boise St.,13,68,-0.2,14.3,0.829,0.423,111.4,97.1,25.683,65.51724,1.067,107.066,76.494
685,2013,Bucknell,11,64,1.0,12.4,0.808,1.731,105.6,93.2,13.42,84.375,1.075,107.665,77.251
686,2013,Butler,6,32,4.7,15.7,0.856,60.376,109.4,93.7,29.694,75.75758,1.055,105.585,76.863
687,2013,California,12,32,0.5,11.9,0.798,60.347,105.6,93.7,27.791,64.51613,1.014,101.459,77.908
688,2013,Cincinnati,10,64,1.7,17.0,0.884,45.606,105.1,88.1,29.557,66.66667,1.014,100.726,77.15
689,2013,Colorado,10,64,1.4,14.8,0.85,58.643,105.8,91.0,29.032,65.625,1.021,101.747,77.38
690,2013,Colorado St.,8,32,1.9,18.1,0.877,33.913,115.5,97.4,23.522,74.19355,1.124,112.595,76.985
691,2013,Creighton,7,32,3.5,22.5,0.919,38.512,118.0,95.5,22.691,79.41176,1.158,115.805,76.553
692,2013,Davidson,14,64,-1.4,11.3,0.775,23.91,110.8,99.5,13.113,78.125,1.127,112.788,77.82
693,2013,Duke,2,8,7.5,26.7,0.95,84.2,118.0,91.3,29.848,84.375,1.14,114.451,76.897
694,2013,Florida,3,8,4.1,32.0,0.975,74.049,117.6,85.6,24.664,78.78788,1.143,114.451,77.119
695,2013,Florida Gulf Coast,15,16,-4.0,4.5,0.627,10.319,101.9,97.4,14.203,68.75,1.034,103.586,77.057
696,2013,Georgetown,2,64,6.6,22.2,0.936,83.628,106.8,84.6,31.664,80.64516,1.025,102.315,78.009
697,2013,Gonzaga,1,32,7.6,29.1,0.961,33.185,119.4,90.3,22.395,93.75,1.181,117.92,77.484
698,2013,Harvard,14,32,-2.6,5.9,0.659,23.885,106.0,100.1,17.558,66.66667,1.065,106.623,76.611
699,2013,Illinois,7,32,2.4,16.1,0.86,73.254,110.1,94.0,36.349,62.5,1.042,104.028,77.485
700,2013,Indiana,1,16,7.8,32.6,0.972,80.895,122.5,89.9,32.801,81.81818,1.176,117.425,77.484
701,2013,Iona,15,64,-5.9,8.8,0.716,22.901,113.8,105.0,15.075,60.60606,1.119,112.06,75.374
702,2013,Iowa St.,10,32,0.7,17.0,0.862,48.784,115.5,98.5,27.483,66.66667,1.116,111.897,76.7
703,2013,James Madison,16,64,-8.9,-1.7,0.451,18.227,98.1,99.8,10.325,58.82353,1.006,100.486,77.133
704,2013,Kansas,1,16,7.5,26.3,0.956,78.41,112.3,86.0,27.947,85.29412,1.099,109.623,78.243
705,2013,Kansas St.,4,64,5.4,18.4,0.887,59.851,112.1,93.7,29.676,78.78788,1.078,107.869,76.236
706,2013,La Salle,13,16,0.3,14.3,0.833,25.678,109.8,95.5,23.333,70.0,1.072,107.345,75.618
707,2013,Liberty,16,68,-15.6,-10.0,0.247,0.2,98.3,108.3,10.16,37.5,1.009,100.693,76.148
708,2013,LIU Brooklyn,16,68,-8.6,-3.1,0.42,9.265,108.5,111.6,9.217,60.60606,1.122,112.364,74.534
709,2013,Louisville,1,1,9.0,29.1,0.969,70.481,112.6,83.5,31.558,85.29412,1.085,108.622,76.634
710,2013,Marquette,3,8,4.5,19.2,0.894,71.951,113.3,94.1,31.449,74.19355,1.066,106.292,77.031
711,2013,Memphis,6,32,4.5,16.5,0.872,72.385,107.3,90.8,18.445,88.23529,1.079,107.78,76.903
712,2013,Miami FL,2,16,6.3,20.9,0.917,61.939,110.9,90.0,27.681,81.81818,1.083,108.209,78.055
713,2013,Michigan,4,2,6.2,25.4,0.939,74.354,120.4,95.0,32.68,78.125,1.157,115.602,77.272
714,2013,Michigan St.,3,16,6.7,21.3,0.922,87.215,110.4,89.1,37.025,75.0,1.053,105.282,77.449
715,2013,Middle Tennessee,11,68,0.7,14.8,0.851,13.326,105.2,90.4,12.743,84.84848,1.074,107.45,76.133
716,2013,Minnesota,11,32,2.1,20.7,0.912,46.837,112.7,92.0,34.85,62.5,1.076,107.623,77.26
717,2013,Mississippi,12,32,1.6,13.8,0.824,66.788,109.7,95.9,21.197,76.47059,1.087,108.453,76.985
718,2013,Missouri,9,64,1.2,17.7,0.877,60.673,112.9,95.2,26.096,69.69697,1.109,111.014,77.549
719,2013,Montana,13,64,-1.4,1.3,0.536,13.694,103.2,101.9,11.573,79.31034,1.083,108.559,76.945
720,2013,New Mexico,3,64,6.9,15.8,0.864,28.854,106.4,90.6,25.971,85.29412,1.034,103.444,77.792
721,2013,New Mexico St.,13,64,-3.1,7.9,0.714,18.788,103.3,95.4,14.948,69.69697,1.034,103.371,78.345
722,2013,North Carolina,8,32,2.5,17.2,0.875,89.557,110.7,93.5,29.188,69.69697,1.062,106.13,77.731
723,2013,North Carolina A&T,16,64,-11.5,-5.0,0.351,0.2,91.0,96.0,9.659,52.94118,0.92,92.0001,76.88
724,2013,North Carolina St.,8,64,2.2,17.5,0.869,88.25,115.6,98.1,27.234,70.58824,1.125,112.277,78.107
725,2013,Northwestern St.,14,64,-3.2,3.0,0.583,0.2,105.0,102.0,12.973,70.37037,1.06,105.923,76.206
726,2013,Notre Dame,7,64,3.9,18.2,0.88,75.953,114.5,96.3,29.503,73.52941,1.104,110.33,78.265
727,2013,Ohio St.,2,8,7.2,24.1,0.94,82.682,113.4,89.3,34.432,78.78788,1.086,108.622,77.557
728,2013,Oklahoma,10,64,0.3,14.4,0.835,58.608,109.5,95.1,27.937,64.51613,1.055,105.529,77.043
729,2013,Oklahoma St.,5,64,3.2,19.5,0.908,72.871,107.9,88.4,26.462,75.0,1.056,105.782,77.03
730,2013,Oregon,12,16,2.9,14.6,0.851,45.898,103.8,89.2,23.326,76.47059,1.024,102.319,77.391
731,2013,Pacific,15,64,-5.1,4.7,0.628,1.732,105.7,101.0,15.835,62.5,1.054,105.769,76.059
732,2013,Pittsburgh,8,64,3.1,22.8,0.929,83.195,114.1,91.3,27.112,75.0,1.143,114.701,77.616
733,2013,Saint Louis,4,32,3.8,19.3,0.906,16.692,107.9,88.6,21.79,81.81818,1.055,106.054,76.625
734,2013,Saint Mary's,11,64,2.5,18.4,0.881,20.444,115.0,96.6,19.997,81.25,1.157,115.552,77.076
735,2013,San Diego St.,7,32,0.4,16.8,0.88,33.671,105.5,88.7,25.928,66.66667,1.024,102.521,77.537
736,2013,South Dakota St.,13,64,-3.2,5.8,0.651,8.145,110.0,104.2,13.855,70.96774,1.121,112.436,77.542
737,2013,Southern,16,64,-5.7,-1.4,0.459,10.29,96.1,97.5,8.266,68.96552,1.019,101.742,76.733
738,2013,Syracuse,4,4,5.1,23.5,0.935,74.073,113.4,89.9,31.803,74.28571,1.08,107.714,79.061
739,2013,Temple,9,32,1.5,12.5,0.8,30.212,110.0,97.5,24.902,71.875,1.072,107.056,77.522
740,2013,UCLA,6,64,3.3,15.9,0.856,92.53,110.9,95.0,26.831,73.52941,1.059,105.896,78.449
741,2013,UNLV,5,64,1.8,16.6,0.877,72.603,105.6,89.0,24.074,72.72727,1.028,102.694,77.843
742,2013,Valparaiso,14,64,-0.8,10.1,0.756,25.855,107.8,97.7,13.999,78.125,1.094,109.365,76.119
743,2013,VCU,5,32,2.6,21.4,0.917,39.731,113.4,92.0,22.954,76.47059,1.116,111.348,76.743
744,2013,Villanova,9,64,0.3,13.8,0.835,73.986,105.0,91.2,32.168,59.375,0.988,98.7296,78.351
745,2013,Western Kentucky,16,64,-8.4,-1.1,0.468,19.116,99.5,100.6,14.863,55.88235,0.998,100.071,76.514
746,2013,Wichita St.,9,4,2.2,16.2,0.867,6.608,107.8,91.6,22.177,76.47059,1.072,107.139,76.494
747,2013,Wisconsin,5,64,4.6,22.7,0.937,59.918,108.4,85.7,37.133,67.64706,1.052,105.017,76.855
748,2012,Alabama,9,64,1.5,16.9,0.883,84.233,105.0,88.1,26.959,65.625,1.022,100.89,76.974
749,2012,Baylor,3,8,7.0,20.8,0.91,60.038,114.4,93.6,30.445,78.78788,1.103,109.239,77.066
750,2012,Belmont,14,64,0.8,16.6,0.857,14.906,115.2,98.6,15.656,78.78788,1.174,116.677,76.209
751,2012,BYU,14,64,0.3,12.9,0.818,12.537,105.4,92.5,17.804,74.19355,1.081,106.886,77.997
752,2012,California,12,68,1.8,17.8,0.884,56.148,109.8,92.0,22.077,72.72727,1.078,106.953,77.344
753,2012,Cincinnati,6,16,3.1,16.5,0.869,59.329,108.7,92.2,26.957,70.58824,1.056,104.228,76.285
754,2012,Colorado,11,32,-0.3,10.0,0.761,46.976,104.2,94.2,22.136,65.625,1.012,100.481,77.478
755,2012,Colorado St.,11,64,-1.0,9.0,0.724,17.155,111.8,102.8,21.586,64.51613,1.088,107.675,75.265
756,2012,Connecticut,9,64,0.5,16.0,0.858,66.842,110.3,94.3,28.532,60.60606,1.061,104.789,77.595
757,2012,Creighton,8,32,4.7,16.6,0.85,35.4,118.4,101.8,19.015,84.84848,1.178,116.334,76.276
758,2012,Davidson,13,64,-0.4,11.9,0.787,26.31,110.9,99.0,14.315,77.41935,1.121,111.513,77.834
759,2012,Detroit,15,64,-5.2,3.8,0.603,43.165,106.4,102.6,14.806,60.60606,1.06,104.586,76.139
760,2012,Duke,2,64,8.0,21.8,0.914,74.552,117.1,95.3,30.241,81.81818,1.126,111.949,77.573
761,2012,Florida,7,8,3.1,22.4,0.914,83.164,120.5,98.1,29.274,69.69697,1.159,114.131,75.725
762,2012,Florida St.,3,32,4.3,18.4,0.899,71.293,106.5,88.1,28.697,72.72727,1.024,101.246,78.478
763,2012,Georgetown,3,32,4.7,20.8,0.917,86.738,110.3,89.5,30.075,73.33333,1.063,104.701,78.47
764,2012,Gonzaga,7,32,2.1,16.3,0.862,40.784,110.6,94.3,16.61,80.64516,1.104,109.509,77.029
765,2012,Harvard,12,64,2.2,14.3,0.839,22.898,106.9,92.6,13.314,86.2069,1.068,105.296,76.762
766,2012,Indiana,4,16,5.9,22.6,0.918,76.334,119.1,96.5,30.826,75.75758,1.155,113.78,77.889
767,2012,Iona,14,68,0.0,11.5,0.773,17.057,113.6,102.1,13.603,78.125,1.157,114.896,75.12
768,2012,Iowa St.,8,32,2.0,15.9,0.855,63.108,111.2,95.3,26.236,68.75,1.082,107.615,76.912
769,2012,Kansas,2,2,8.3,26.6,0.954,72.255,114.7,88.1,30.956,81.81818,1.108,109.926,78.482
770,2012,Kansas St.,8,32,2.2,16.4,0.869,47.44,107.9,91.5,27.769,67.74194,1.051,103.96,76.698
771,2012,Kentucky,1,1,11.3,31.2,0.97,95.267,119.7,88.5,27.605,94.11765,1.163,115.593,78.819
772,2012,Lamar,16,68,-4.3,4.3,0.619,0.87,104.2,99.9,15.047,65.625,1.055,104.793,75.746
773,2012,Lehigh,15,32,-1.3,7.9,0.708,4.923,106.7,98.8,12.009,78.125,1.099,108.789,76.562
774,2012,LIU Brooklyn,16,64,-2.6,1.2,0.532,11.914,107.0,105.8,9.99,75.75758,1.089,107.715,74.446
775,2012,Long Beach St.,12,64,0.9,12.5,0.804,9.819,108.2,95.7,20.418,74.19355,1.089,108.674,76.287
776,2012,Louisville,4,4,5.6,17.8,0.897,73.332,103.7,85.9,29.249,74.28571,1.006,99.3696,76.398
777,2012,Loyola MD,15,64,-1.5,3.3,0.593,20.388,102.3,99.0,13.469,75.0,1.038,102.811,76.874
778,2012,Marquette,3,16,6.2,19.0,0.897,52.745,110.9,91.9,28.97,78.125,1.077,106.246,76.201
779,2012,Memphis,8,64,3.0,20.5,0.91,80.817,112.6,92.1,21.423,76.47059,1.107,109.124,77.405
780,2012,Michigan,4,64,6.4,18.4,0.885,59.445,113.4,95.0,35.211,71.875,1.076,106.783,76.508
781,2012,Michigan St.,1,16,8.7,26.0,0.953,67.935,112.7,86.7,34.349,79.41176,1.101,108.631,76.89
782,2012,Mississippi Valley St.,16,68,-4.9,-9.3,0.256,5.127,95.7,105.0,15.977,63.63636,0.978,97.1241,75.778
783,2012,Missouri,2,64,8.8,27.4,0.946,56.368,124.0,96.6,26.073,88.23529,1.205,119.558,75.459
784,2012,Montana,13,64,-1.7,6.2,0.675,24.191,100.8,94.6,8.906,79.31034,1.066,106.065,77.247
785,2012,Murray St.,6,32,3.8,13.3,0.819,4.462,108.1,94.8,10.654,96.42857,1.112,110.289,75.376
786,2012,New Mexico,5,32,2.9,19.2,0.903,42.692,109.1,89.9,17.632,81.25,1.089,107.652,77.103
787,2012,New Mexico St.,13,64,-2.0,8.7,0.728,16.361,106.1,97.4,13.259,72.72727,1.091,108.125,77.394
788,2012,Norfolk St.,15,32,-2.8,-2.1,0.439,2.297,97.8,99.9,10.649,75.0,1.005,99.7367,78.073
789,2012,North Carolina,1,8,8.4,26.2,0.95,91.131,115.8,89.6,27.923,85.29412,1.126,111.181,79.495
790,2012,North Carolina St.,11,16,0.5,14.5,0.833,66.243,111.4,96.9,25.85,64.70588,1.077,106.777,78.047
791,2012,Notre Dame,7,64,2.3,11.7,0.789,73.672,108.0,96.3,28.605,66.66667,1.062,104.73,77.778
792,2012,Ohio,13,16,0.3,10.8,0.779,37.553,104.2,93.4,13.978,78.78788,1.043,103.565,75.985
793,2012,Ohio St.,2,4,7.9,30.0,0.97,87.821,115.5,85.5,31.751,79.41176,1.121,110.99,77.651
794,2012,Purdue,10,32,1.9,17.0,0.863,75.327,115.0,98.0,30.358,63.63636,1.117,110.206,76.195
795,2012,Saint Louis,9,32,2.8,21.4,0.922,30.227,111.0,89.6,20.497,77.41935,1.091,107.991,76.036
796,2012,Saint Mary's,7,64,2.8,14.3,0.828,20.933,112.0,97.7,17.195,83.33333,1.14,112.819,77.274
797,2012,San Diego St.,6,64,2.9,10.7,0.775,30.659,104.9,94.2,21.466,77.41935,1.041,102.874,77.09
798,2012,South Dakota St.,14,64,-0.6,11.0,0.767,5.666,111.7,100.7,12.437,78.125,1.145,113.407,76.974
799,2012,South Florida,12,32,0.1,10.5,0.779,31.296,101.4,90.9,28.86,59.375,0.978,96.7684,77.858
800,2012,Southern Miss,9,64,1.2,11.5,0.78,18.502,110.2,98.7,18.877,74.19355,1.072,106.074,75.708
801,2012,St. Bonaventure,14,64,-1.1,12.7,0.807,4.592,108.8,96.1,21.028,64.51613,1.073,106.567,77.499
802,2012,Syracuse,1,8,10.9,25.3,0.945,80.128,115.4,90.1,26.368,93.93939,1.132,111.423,78.609
803,2012,Temple,5,64,4.2,16.8,0.864,25.26,113.0,96.2,24.848,76.66667,1.092,108.984,77.132
804,2012,Texas,11,64,0.9,14.7,0.837,83.811,110.9,96.2,30.593,60.60606,1.086,107.097,76.29
805,2012,UNC Asheville,16,64,-3.3,2.8,0.576,4.116,107.2,104.4,12.309,70.0,1.114,110.746,74.703
806,2012,UNLV,6,64,2.8,17.0,0.875,64.975,109.3,92.3,23.486,75.0,1.08,106.341,77.769
807,2012,Vanderbilt,5,32,4.0,21.2,0.914,85.14,113.9,92.7,29.822,70.58824,1.096,108.703,77.811
808,2012,VCU,12,32,2.2,13.1,0.82,36.77,106.1,93.0,15.249,82.35294,1.042,103.222,77.198
809,2012,Vermont,16,64,-5.5,2.5,0.571,8.069,102.5,100.0,10.413,67.64706,1.054,104.305,77.497
810,2012,Virginia,10,64,2.0,16.7,0.882,59.204,104.3,87.6,24.63,70.96774,1.029,101.817,76.939
811,2012,West Virginia,10,64,-0.1,15.4,0.848,65.605,110.9,95.5,27.223,59.375,1.073,105.415,76.525
812,2012,Western Kentucky,16,64,-10.3,-3.1,0.41,33.406,96.5,99.6,14.83,45.45455,0.949,94.0697,76.238
813,2012,Wichita St.,5,64,4.4,23.3,0.93,13.827,115.9,92.6,19.263,83.87097,1.135,112.528,77.197
814,2012,Wisconsin,4,16,5.0,23.2,0.938,58.91,110.6,87.4,30.936,72.72727,1.075,106.658,76.64
815,2012,Xavier,10,16,0.7,11.6,0.791,65.926,106.3,94.7,26.514,63.63636,1.033,102.486,76.593
816,2011,Akron,15,64,-5.6,2.8,0.58,11.594,101.4,98.6,13.032,64.70588,1.029,103.175,76.554
817,2011,Alabama St.,16,68,-13.0,-15.5,0.139,0.2,90.1,105.6,8.673,46.875,0.926,92.1392,76.06
818,2011,Arizona,5,8,4.7,20.0,0.899,73.308,115.7,95.7,25.335,79.41176,1.126,112.742,77.17
819,2011,Belmont,13,64,1.0,17.6,0.88,12.798,110.8,93.2,10.427,88.23529,1.148,114.765,77.048
820,2011,Boston University,16,64,-7.6,-1.7,0.453,5.779,101.7,103.4,11.596,61.76471,1.037,103.323,76.042
821,2011,Bucknell,14,64,-2.2,7.2,0.696,8.013,103.9,96.7,12.621,75.75758,1.065,106.365,76.33
822,2011,Butler,8,2,-0.4,15.1,0.842,45.189,111.6,96.5,20.08,70.96774,1.095,109.473,76.289
823,2011,BYU,3,16,7.2,22.5,0.922,23.025,116.7,94.2,24.953,87.87879,1.133,112.665,77.476
824,2011,Cincinnati,6,32,3.4,18.4,0.894,64.106,108.8,90.4,26.215,75.75758,1.077,106.907,77.529
825,2011,Clemson,12,64,0.7,17.3,0.881,53.197,108.2,90.9,27.126,65.625,1.041,103.467,75.712
826,2011,Connecticut,3,1,7.0,19.9,0.901,62.489,113.8,93.9,35.894,74.28571,1.092,108.613,77.553
827,2011,Duke,1,16,9.5,29.4,0.964,77.815,118.3,88.9,29.3,88.23529,1.149,114.459,77.941
828,2011,Florida,2,8,5.3,19.2,0.894,83.511,113.3,94.1,28.23,78.78788,1.1,109.694,77.263
829,2011,Florida St.,10,16,1.2,14.1,0.849,76.219,101.2,87.1,27.172,67.74194,0.991,99.0533,78.657
830,2011,George Mason,8,32,1.1,16.4,0.862,36.183,111.3,94.9,15.383,81.25,1.127,112.378,76.501
831,2011,Georgetown,6,64,4.4,18.4,0.884,86.327,113.7,95.3,35.555,67.74194,1.09,107.862,77.124
832,2011,Georgia,10,64,0.2,14.3,0.836,52.729,108.3,94.0,26.274,65.625,1.04,103.602,76.601
833,2011,Gonzaga,11,32,0.3,16.3,0.865,36.501,109.2,92.9,21.413,71.875,1.105,110.305,77.986
834,2011,Hampton,16,64,-5.6,-4.2,0.376,10.853,93.0,97.2,5.179,74.19355,0.98,97.3629,77.028
835,2011,Illinois,9,32,1.6,21.9,0.922,69.318,113.4,91.5,35.021,59.375,1.071,106.76,79.01
836,2011,Indiana St.,14,64,-4.2,6.5,0.681,6.725,102.1,95.6,19.995,59.375,1.002,100.042,76.967
837,2011,Kansas,1,8,10.2,30.6,0.967,76.479,120.0,89.4,26.504,94.11765,1.169,116.525,77.871
838,2011,Kansas St.,5,32,2.0,18.0,0.889,43.162,108.9,90.9,29.925,67.74194,1.053,105.024,76.935
839,2011,Kentucky,4,4,5.2,26.2,0.947,86.899,118.4,92.2,30.75,75.75758,1.139,113.602,78.433
840,2011,Little Rock,16,68,-11.1,-5.3,0.355,0.2,99.3,104.6,9.995,51.51515,1.017,101.781,74.48
841,2011,LIU Brooklyn,15,64,-1.2,3.6,0.598,4.03,106.3,102.7,7.968,84.375,1.096,110.06,74.652
842,2011,Louisville,4,64,4.7,21.7,0.924,60.093,111.4,89.7,30.743,73.52941,1.091,107.678,76.121
843,2011,Marquette,11,16,0.8,18.1,0.877,24.152,115.3,97.2,33.868,58.82353,1.111,110.602,76.776
844,2011,Memphis,12,64,0.0,7.3,0.699,62.75,103.6,96.3,19.129,73.52941,1.031,102.813,76.957
845,2011,Michigan,8,32,1.9,15.7,0.855,58.01,109.9,94.2,36.499,59.375,1.051,105.662,77.119
846,2011,Michigan St.,10,64,2.3,14.6,0.842,83.395,108.0,93.4,40.022,56.25,1.026,102.307,76.766
847,2011,Missouri,11,64,1.4,16.7,0.864,54.624,112.5,95.8,27.072,68.75,1.104,109.681,76.845
848,2011,Morehead St.,13,32,-3.6,4.9,0.636,6.997,103.7,98.8,13.533,70.0,1.062,105.992,75.799
849,2011,North Carolina,2,8,7.4,21.1,0.92,91.173,110.2,89.1,33.486,78.78788,1.06,105.296,78.613
850,2011,Northern Colorado,15,64,-4.6,3.7,0.602,7.93,104.8,101.1,13.609,65.51724,1.067,106.39,75.971
851,2011,Notre Dame,2,32,7.8,25.6,0.938,57.624,121.8,96.2,33.256,81.25,1.165,115.826,78.323
852,2011,Oakland,13,64,0.3,12.5,0.789,12.834,115.6,103.1,21.674,72.72727,1.171,116.945,77.045
853,2011,Ohio St.,1,16,12.0,33.2,0.974,91.348,123.2,90.0,31.137,94.11765,1.194,119.336,77.663
854,2011,Old Dominion,9,64,2.3,12.7,0.809,6.944,107.7,95.0,17.783,81.81818,1.084,107.864,77.498
855,2011,Penn St.,10,64,1.7,14.5,0.833,45.528,111.2,96.7,37.339,57.57576,1.053,105.586,77.068
856,2011,Pittsburgh,1,32,7.6,26.5,0.948,80.027,119.0,92.5,29.684,84.375,1.162,116.073,77.09
857,2011,Princeton,13,64,-0.3,8.1,0.715,12.151,105.6,97.5,13.655,80.0,1.069,106.251,77.847
858,2011,Purdue,3,32,7.2,23.9,0.938,77.588,113.7,89.8,34.119,78.125,1.096,109.276,76.274
859,2011,Richmond,12,16,1.8,14.5,0.835,19.193,110.2,95.7,18.354,79.41176,1.093,108.788,77.302
860,2011,Saint Peter's,14,64,-5.9,2.1,0.565,2.161,93.6,91.5,15.033,60.60606,0.933,92.8353,75.195
861,2011,San Diego St.,2,16,8.7,22.4,0.928,41.701,112.3,89.9,24.555,93.75,1.109,110.503,77.164
862,2011,St. John's,6,64,3.2,17.1,0.875,38.382,110.1,93.0,34.3,65.625,1.051,105.155,76.231
863,2011,Syracuse,3,32,6.2,21.6,0.919,80.006,113.5,91.9,31.253,78.125,1.107,110.378,78.464
864,2011,Temple,7,32,2.1,15.7,0.859,27.287,107.9,92.2,20.89,78.125,1.068,107.186,77.727
865,2011,Tennessee,9,64,-1.1,15.3,0.85,44.927,109.1,93.8,29.673,57.57576,1.043,103.67,77.433
866,2011,Texas,4,32,5.4,26.0,0.952,87.745,113.7,87.7,27.862,79.41176,1.097,109.459,76.827
867,2011,Texas A&M,7,64,2.4,13.2,0.818,69.642,107.9,94.7,25.412,74.19355,1.067,106.504,76.824
868,2011,UAB,12,68,-0.2,12.2,0.799,32.272,107.8,95.6,18.86,73.33333,1.066,106.758,75.667
869,2011,UC Santa Barbara,15,64,-6.8,2.9,0.582,12.559,102.2,99.3,15.425,55.17241,1.027,102.863,76.873
870,2011,UCLA,7,32,1.4,13.6,0.827,77.947,106.9,93.3,26.572,68.75,1.036,103.484,77.972
871,2011,UNC Asheville,16,64,-8.1,-0.6,0.483,3.853,98.4,99.0,12.978,55.17241,1.01,101.445,75.556
872,2011,UNLV,8,64,2.8,18.9,0.898,60.906,109.6,90.7,25.625,75.0,1.062,106.286,77.411
873,2011,USC,11,68,-1.6,14.2,0.837,60.319,107.0,92.8,28.034,57.57576,1.033,103.258,75.797
874,2011,Utah St.,12,64,3.7,18.6,0.895,21.428,109.3,90.7,14.937,90.625,1.106,110.473,76.62
875,2011,UTSA,16,64,-9.2,-3.7,0.398,11.623,101.1,104.8,8.721,55.17241,1.026,102.713,76.696
876,2011,Vanderbilt,5,64,1.8,18.1,0.879,81.31,114.4,96.3,26.811,69.69697,1.108,110.92,77.874
877,2011,VCU,11,4,-2.0,8.2,0.711,50.027,108.8,100.6,18.893,67.64706,1.082,107.434,76.393
878,2011,Villanova,9,64,1.5,18.6,0.885,91.766,114.2,95.6,29.148,65.625,1.099,109.562,77.494
879,2011,Washington,7,32,1.9,22.2,0.919,72.558,116.9,94.7,26.105,69.69697,1.147,113.938,76.932
880,2011,West Virginia,5,32,3.1,20.0,0.903,51.905,113.3,93.3,34.766,64.51613,1.087,107.683,77.377
881,2011,Wisconsin,4,16,5.9,26.1,0.942,66.994,121.6,95.5,34.801,74.19355,1.185,118.524,77.669
882,2011,Wofford,14,64,-4.6,7.8,0.699,8.499,110.7,102.9,16.242,63.63636,1.12,112.3,75.661
883,2011,Xavier,6,64,2.4,14.9,0.84,69.842,111.2,96.3,21.915,77.41935,1.094,109.395,77.273
884,2010,Arkansas Pine Bluff,16,64,-8.0,-7.0,0.3,0.2,91.4,98.4,18.903,51.6129,0.934,93.2166,75.902
885,2010,Baylor,3,8,5.6,22.7,0.921,62.004,117.9,95.2,33.152,77.41935,1.13,112.779,77.932
886,2010,Butler,5,2,4.5,18.6,0.895,31.589,109.2,90.6,20.638,87.5,1.083,108.722,76.173
887,2010,BYU,7,32,4.0,23.9,0.934,27.091,116.4,92.5,21.607,84.84848,1.162,115.54,77.005
888,2010,California,8,32,1.7,22.8,0.919,54.719,119.5,96.7,28.292,69.69697,1.139,114.155,76.598
889,2010,Clemson,7,64,1.5,20.1,0.912,61.661,109.5,89.4,30.403,67.74194,1.047,104.512,76.722
890,2010,Cornell,12,16,1.9,13.1,0.803,1.23,114.0,100.9,16.574,86.2069,1.139,113.894,77.273
891,2010,Duke,1,1,8.4,31.1,0.97,88.055,119.1,88.0,31.735,85.29412,1.155,114.554,78.99
892,2010,East Tennessee St.,16,64,-8.1,1.1,0.532,16.46,98.1,97.0,13.94,57.57576,0.999,100.26,76.269
893,2010,Florida,10,64,0.0,15.3,0.845,89.841,111.7,96.4,29.304,63.63636,1.074,107.29,77.298
894,2010,Florida St.,9,64,2.8,17.9,0.898,83.764,103.8,85.9,31.177,70.96774,1.008,100.334,79.391
895,2010,Georgetown,3,64,4.3,22.2,0.922,87.834,115.1,92.9,35.728,69.69697,1.102,110.137,77.612
896,2010,Georgia Tech,10,32,1.3,18.4,0.893,83.706,109.0,90.6,33.163,63.63636,1.024,102.079,78.311
897,2010,Gonzaga,8,32,2.5,17.3,0.875,51.509,111.2,93.9,22.1,80.64516,1.103,110.661,78.186
898,2010,Houston,13,64,-6.4,9.5,0.736,23.414,111.2,101.7,20.266,54.54545,1.093,109.115,76.061
899,2010,Kansas,1,32,11.7,31.4,0.97,85.29,120.0,88.6,33.083,94.11765,1.168,115.923,77.198
900,2010,Kansas St.,2,8,6.8,25.4,0.946,43.295,115.5,90.1,35.3,78.125,1.1,109.484,76.713
901,2010,Kentucky,1,8,8.6,24.9,0.945,90.246,114.0,89.1,24.373,94.11765,1.12,111.703,78.675
902,2010,Lehigh,16,64,-6.8,-2.2,0.44,10.619,103.1,105.3,7.914,68.75,1.066,107.245,76.36
903,2010,Louisville,9,64,-0.1,17.3,0.868,78.786,114.5,97.2,30.501,62.5,1.111,110.269,76.988
904,2010,Marquette,6,64,1.8,19.9,0.901,17.888,113.9,94.0,31.568,66.66667,1.117,111.318,74.65
905,2010,Maryland,4,32,3.3,21.5,0.914,75.457,115.8,94.3,30.926,73.33333,1.115,111.617,77.918
906,2010,Michigan St.,5,4,3.5,19.5,0.901,87.758,111.6,92.1,28.984,75.0,1.088,108.383,76.501
907,2010,Minnesota,11,64,-0.3,19.8,0.902,60.317,112.8,93.0,30.379,61.76471,1.094,108.613,77.323
908,2010,Missouri,10,32,1.6,20.3,0.912,48.074,110.5,90.2,29.614,68.75,1.079,107.124,77.331
909,2010,Montana,14,64,-4.6,4.0,0.611,21.883,103.8,99.8,11.471,68.96552,1.093,108.574,77.495
910,2010,Morgan St.,15,64,-3.9,0.4,0.511,0.2,104.1,103.7,11.49,75.0,1.081,107.806,76.468
911,2010,Murray St.,13,32,0.0,11.6,0.791,12.64,106.2,94.6,9.836,87.5,1.124,112.056,75.781
912,2010,New Mexico,3,32,4.9,17.9,0.876,49.461,114.4,96.5,21.234,87.87879,1.122,111.766,77.047
913,2010,New Mexico St.,12,64,-2.3,3.7,0.598,19.361,109.0,105.3,21.528,65.625,1.086,108.915,76.503
914,2010,North Texas,15,64,-3.9,-1.5,0.458,20.119,101.6,103.1,10.93,73.33333,1.05,104.924,76.493
915,2010,Northern Iowa,9,16,3.7,17.5,0.886,12.129,107.0,89.5,18.366,87.5,1.066,106.921,76.605
916,2010,Notre Dame,6,64,0.5,19.0,0.88,57.766,119.6,100.6,27.053,67.64706,1.169,116.815,76.827
917,2010,Oakland,14,64,-1.1,3.1,0.585,15.114,106.0,102.9,18.062,75.0,1.075,106.79,76.493
918,2010,Ohio,14,32,-7.8,5.5,0.652,24.434,103.7,98.2,13.908,58.82353,1.046,104.266,76.578
919,2010,Ohio St.,2,16,5.7,24.7,0.94,77.427,116.2,91.5,30.606,79.41176,1.136,113.734,77.796
920,2010,Oklahoma St.,7,64,1.8,18.9,0.893,59.468,112.3,93.4,30.206,68.75,1.073,107.342,75.231
921,2010,Old Dominion,11,32,0.6,17.1,0.882,4.171,106.6,89.5,20.316,76.47059,1.065,105.817,77.248
922,2010,Pittsburgh,3,32,3.6,17.7,0.883,68.381,110.0,92.3,29.605,75.0,1.073,106.642,76.381
923,2010,Purdue,4,16,6.6,22.5,0.933,73.138,109.8,87.3,29.198,84.375,1.069,106.707,77.013
924,2010,Richmond,7,64,2.6,14.6,0.845,22.243,106.5,91.9,24.758,76.47059,1.042,103.465,77.704
925,2010,Robert Morris,15,64,-6.5,-2.6,0.426,7.912,98.9,101.5,10.542,67.64706,1.013,100.862,75.785
926,2010,Saint Mary's,10,16,1.9,17.9,0.875,22.783,115.2,97.3,17.876,83.33333,1.167,116.162,77.672
927,2010,Sam Houston St.,14,64,-2.5,7.5,0.692,2.044,110.2,102.7,12.73,75.0,1.125,111.74,74.737
928,2010,San Diego St.,11,64,1.3,15.3,0.849,48.75,109.9,94.6,24.05,74.19355,1.08,107.887,77.161
929,2010,Siena,13,64,0.9,12.5,0.804,13.214,108.2,95.7,16.852,81.81818,1.074,106.943,76.591
930,2010,Syracuse,1,16,7.5,26.9,0.953,56.087,116.7,89.8,28.835,87.5,1.14,114.239,78.177
931,2010,Temple,5,64,5.3,19.5,0.912,31.121,106.2,86.7,23.817,85.29412,1.039,103.886,77.593
932,2010,Tennessee,6,8,3.9,17.2,0.883,51.85,106.7,89.5,29.253,75.75758,1.042,103.24,78.145
933,2010,Texas,8,64,3.9,21.3,0.917,85.262,113.2,91.9,31.848,72.72727,1.095,108.636,76.416
934,2010,Texas A&M,5,32,4.4,19.4,0.901,77.137,111.1,91.7,35.891,70.96774,1.066,107.13,76.731
935,2010,UC Santa Barbara,15,64,-4.1,2.7,0.579,8.349,99.3,96.6,13.504,67.85714,0.996,99.8584,76.86
936,2010,UNLV,8,64,1.0,17.3,0.879,51.719,109.2,91.9,22.024,75.0,1.071,107.214,77.031
937,2010,Utah St.,12,64,-0.4,20.2,0.902,9.11,115.2,95.0,15.1,78.78788,1.172,117.043,76.449
938,2010,UTEP,12,64,2.1,17.5,0.886,23.484,107.0,89.5,19.818,81.25,1.071,106.576,77.727
939,2010,Vanderbilt,4,64,3.2,18.1,0.881,72.84,113.3,95.2,29.018,74.19355,1.1,109.144,78.15
940,2010,Vermont,16,64,-5.1,2.0,0.557,26.761,101.3,99.3,8.712,73.52941,1.041,104.818,76.035
941,2010,Villanova,2,32,5.5,22.9,0.923,89.439,118.0,95.1,33.157,77.41935,1.138,113.54,76.819
942,2010,Wake Forest,9,32,1.0,15.1,0.853,78.599,106.3,91.2,30.998,65.51724,1.014,100.586,77.913
943,2010,Washington,11,16,1.2,18.0,0.884,80.577,111.3,93.3,24.044,72.72727,1.089,108.203,75.719
944,2010,West Virginia,2,4,8.0,24.3,0.936,69.372,116.7,92.4,34.312,81.81818,1.124,111.763,78.334
945,2010,Winthrop,16,68,-8.7,-5.5,0.335,12.3,89.5,95.0,11.305,56.66667,0.93,92.626,76.909
946,2010,Wisconsin,4,32,3.9,25.8,0.949,73.327,114.9,89.1,31.074,74.19355,1.116,111.356,76.023
947,2010,Wofford,13,64,-1.9,9.0,0.74,9.27,103.7,94.7,14.561,75.75758,1.051,104.328,75.379
948,2010,Xavier,6,16,2.8,19.6,0.897,54.813,114.3,94.7,27.451,75.0,1.111,110.624,76.982
949,2009,Akron,13,64,-5.4,7.1,0.698,1.37,101.1,94.0,14.565,64.70588,1.01,100.99,76.326
950,2009,Alabama St.,16,68,-5.1,-3.0,0.416,0.201,99.6,102.6,10.21,68.96552,1.039,105.013,77.353
951,2009,American,14,64,-2.3,3.6,0.601,8.688,103.0,99.4,11.588,77.41935,1.041,104.872,74.853
952,2009,Arizona,12,16,0.8,16.5,0.853,80.614,116.3,99.8,33.867,59.375,1.114,111.384,77.277
953,2009,Arizona St.,6,32,4.8,24.3,0.935,46.257,117.2,92.9,32.67,72.72727,1.13,113.584,76.895
954,2009,Binghamton,15,64,-4.5,-1.1,0.469,1.026,100.8,101.9,8.089,73.33333,1.026,103.334,75.646
955,2009,Boston College,7,64,0.5,13.0,0.805,56.026,112.3,99.3,26.908,66.66667,1.096,110.121,77.39
956,2009,Butler,9,64,2.4,15.3,0.852,30.264,108.6,93.3,18.098,83.33333,1.067,106.663,76.231
957,2009,BYU,8,64,2.3,21.3,0.916,31.099,113.8,92.5,22.349,77.41935,1.117,111.601,77.25
958,2009,Cal St. Northridge,15,64,-6.7,4.7,0.634,6.747,100.8,96.1,16.261,55.17241,1.023,101.819,76.332
959,2009,California,7,64,3.2,18.6,0.882,60.144,115.7,97.1,32.972,68.75,1.115,112.094,77.005
960,2009,Chattanooga,16,64,-9.4,-3.5,0.405,7.512,102.5,106.0,16.373,50.0,1.041,105.072,76.541
961,2009,Clemson,7,64,2.7,20.9,0.908,56.969,115.8,94.9,26.706,74.19355,1.117,111.849,76.667
962,2009,Cleveland St.,13,32,-1.4,10.5,0.777,14.271,102.1,91.6,20.688,68.75,1.006,100.705,76.246
963,2009,Connecticut,1,4,8.7,27.6,0.96,82.019,114.7,87.1,32.844,87.09677,1.11,111.344,78.134
964,2009,Cornell,14,64,-4.8,5.5,0.648,0.507,106.3,100.8,11.397,67.85714,1.087,109.048,77.251
965,2009,Dayton,11,32,1.1,9.6,0.759,49.618,101.2,91.6,18.192,78.78788,1.018,102.337,77.129
966,2009,Duke,2,16,7.8,26.2,0.949,93.797,116.7,90.5,31.839,82.35294,1.118,111.86,77.839
967,2009,East Tennessee St.,16,64,-5.9,4.0,0.611,3.021,103.9,99.9,8.955,68.75,1.067,107.79,76.678
968,2009,Florida St.,5,64,5.0,14.4,0.847,81.218,104.0,89.6,32.5,73.52941,1.002,100.327,78.686
969,2009,Gonzaga,4,16,4.4,25.7,0.949,79.37,114.6,88.9,24.529,83.33333,1.139,114.842,78.527
970,2009,Illinois,5,64,3.8,19.0,0.906,52.338,106.3,87.3,30.507,72.72727,1.021,101.817,77.647
971,2009,Kansas,3,16,5.4,23.8,0.936,78.001,114.4,90.6,30.532,78.125,1.106,110.702,77.107
972,2009,Louisville,1,8,8.0,25.3,0.953,81.722,109.9,84.6,31.05,84.84848,1.064,105.801,77.328
973,2009,LSU,8,32,2.4,15.4,0.849,44.729,110.6,95.2,21.393,78.78788,1.091,108.799,77.882
974,2009,Marquette,6,32,3.4,21.6,0.914,52.618,116.4,94.8,29.86,72.72727,1.125,113.189,75.626
975,2009,Maryland,10,32,0.1,13.3,0.821,71.963,107.4,94.1,31.613,60.60606,1.026,103.206,77.432
976,2009,Memphis,2,16,6.9,27.6,0.966,77.707,109.4,81.8,22.225,91.17647,1.086,108.992,78.804
977,2009,Michigan,10,32,0.9,14.7,0.838,59.63,110.5,95.8,34.356,59.375,1.048,105.636,75.941
978,2009,Michigan St.,2,2,7.4,22.2,0.927,86.671,112.0,89.8,32.393,81.25,1.079,108.114,77.01
979,2009,Minnesota,10,64,1.8,15.2,0.855,46.808,106.3,91.1,29.811,67.74194,1.03,103.143,77.167
980,2009,Mississippi St.,13,64,-1.7,12.0,0.797,54.918,107.2,95.2,22.65,64.70588,1.041,104.167,77.317
981,2009,Missouri,3,8,6.1,24.3,0.94,42.029,114.5,90.2,27.671,82.35294,1.116,111.229,78.07
982,2009,Morehead St.,16,64,-9.3,-2.3,0.435,2.346,99.9,102.2,13.25,53.125,1.03,103.511,75.876
983,2009,Morgan St.,15,64,-5.8,0.2,0.506,0.2,98.2,98.0,12.038,66.66667,1.011,101.262,75.35
984,2009,North Carolina,1,1,7.7,28.7,0.957,92.496,121.8,93.1,28.827,87.09677,1.177,117.352,77.126
985,2009,North Dakota St.,14,64,-0.8,10.6,0.759,0.2,111.7,101.1,12.589,80.0,1.145,114.666,76.848
986,2009,Northern Iowa,12,64,-1.7,8.8,0.726,10.427,108.6,99.8,18.798,68.75,1.075,108.346,76.279
987,2009,Ohio St.,8,64,3.2,16.6,0.864,73.284,111.7,95.1,32.583,68.75,1.067,107.872,78.312
988,2009,Oklahoma,2,8,7.4,23.6,0.929,73.817,117.6,94.0,29.932,84.375,1.139,113.677,77.661
989,2009,Oklahoma St.,8,32,2.7,18.6,0.884,70.135,114.9,96.3,33.197,66.66667,1.111,111.321,75.552
990,2009,Pittsburgh,1,8,8.6,29.4,0.961,58.631,121.0,91.6,32.564,87.09677,1.159,116.603,76.396
991,2009,Portland St.,13,64,-3.9,4.1,0.611,6.778,106.9,102.8,13.308,68.96552,1.083,109.386,75.463
992,2009,Purdue,5,16,3.9,21.8,0.929,71.088,108.9,87.1,29.523,73.52941,1.045,105.14,76.758
993,2009,Radford,16,64,-6.6,-1.6,0.454,0.657,99.6,101.2,11.592,62.06897,1.025,102.444,76.896
994,2009,Robert Morris,15,64,-5.1,1.7,0.549,0.2,101.3,99.6,11.063,70.58824,1.047,104.604,75.827
995,2009,Siena,9,32,0.1,11.4,0.781,12.159,108.9,97.5,16.254,78.78788,1.074,107.494,76.619
996,2009,Stephen F. Austin,14,64,-2.5,5.9,0.675,0.216,95.8,89.9,11.765,74.07407,0.979,97.6695,75.144
997,2009,Syracuse,3,16,5.9,22.2,0.921,72.695,115.7,93.5,35.819,73.52941,1.096,109.274,77.201
998,2009,Temple,11,64,-0.5,13.5,0.824,26.439,107.5,94.0,24.383,66.66667,1.053,105.848,78.488
999,2009,Tennessee,9,64,1.2,17.8,0.876,51.315,114.1,96.3,31.113,63.63636,1.093,109.2,77.957
1000,2009,Texas,7,32,2.6,19.0,0.899,72.157,109.8,90.8,32.491,66.66667,1.062,106.538,76.217
1001,2009,Texas A&M,9,32,1.9,14.4,0.833,64.074,110.6,96.2,27.139,70.96774,1.078,107.478,77.017
1002,2009,UCLA,6,32,4.5,26.6,0.947,79.037,119.9,93.3,29.438,75.75758,1.154,115.929,77.37
1003,2009,USC,10,32,2.5,17.8,0.888,70.272,107.9,90.1,35.137,63.63636,1.042,104.566,78.648
1004,2009,Utah,5,64,2.7,17.9,0.885,29.961,110.0,92.1,25.174,75.0,1.08,107.716,78.24
1005,2009,Utah St.,11,64,2.4,14.5,0.825,10.03,115.1,100.6,13.773,87.87879,1.171,117.558,76.841
1006,2009,VCU,11,64,-2.3,12.6,0.807,31.467,107.9,95.3,14.657,72.72727,1.077,108.317,76.143
1007,2009,Villanova,3,4,6.0,21.4,0.919,64.785,112.4,91.0,31.499,78.78788,1.098,110.17,77.216
1008,2009,Wake Forest,4,64,5.1,20.2,0.911,81.319,110.3,90.1,28.789,80.0,1.078,107.856,77.99
1009,2009,Washington,4,32,5.0,21.4,0.921,81.01,111.5,90.1,31.603,75.0,1.078,108.142,75.466
1010,2009,West Virginia,6,64,3.9,24.8,0.944,71.035,113.7,88.9,35.237,67.64706,1.093,109.806,78.466
1011,2009,Western Kentucky,12,32,-2.1,5.9,0.656,8.322,108.1,102.2,13.931,74.19355,1.088,109.167,76.444
1012,2009,Wisconsin,12,32,0.3,17.9,0.88,78.997,112.7,94.8,31.289,61.29032,1.077,108.415,77.051
1013,2009,Xavier,4,16,2.8,18.9,0.898,31.11,109.5,90.6,23.091,78.125,1.071,107.589,78.127
1014,2008,American,15,64,-5.8,0.5,0.514,10.824,105.0,104.5,11.469,65.625,1.058,106.919,75.098
1015,2008,Arizona,10,64,1.5,20.4,0.904,85.102,115.1,94.7,39.295,56.25,1.088,109.188,77.029
1016,2008,Arkansas,9,32,0.5,16.0,0.863,59.525,108.2,92.2,25.901,66.66667,1.054,106.105,77.418
1017,2008,Austin Peay,15,64,-5.3,-1.0,0.472,9.068,102.5,103.5,9.97,70.58824,1.082,108.306,75.766
1018,2008,Baylor,11,64,1.5,16.4,0.855,52.034,114.6,98.2,29.784,66.66667,1.104,110.184,76.527
1019,2008,Belmont,15,64,-3.5,0.5,0.514,12.009,105.5,105.0,9.728,75.0,1.085,109.9,76.408
1020,2008,Boise St.,14,64,-2.4,3.6,0.598,1.289,106.2,102.6,11.798,75.0,1.089,109.984,76.999
1021,2008,Butler,7,32,4.7,18.9,0.889,11.348,114.2,95.3,16.476,90.625,1.125,112.905,75.775
1022,2008,BYU,8,64,2.5,15.6,0.864,34.988,104.9,89.3,21.025,79.41176,1.051,105.24,77.758
1023,2008,Cal St. Fullerton,14,64,-3.2,7.0,0.682,11.126,109.2,102.2,10.504,74.19355,1.124,113.516,74.088
1024,2008,Clemson,5,64,4.4,23.1,0.932,48.799,113.6,90.5,32.707,71.875,1.093,109.876,77.279
1025,2008,Connecticut,4,64,4.3,20.0,0.901,85.537,114.4,94.4,29.747,75.0,1.104,110.108,78.462
1026,2008,Coppin St.,16,68,-13.0,-15.4,0.14,4.12,90.2,105.6,16.141,41.17647,0.907,90.6896,76.401
1027,2008,Cornell,14,64,-1.2,3.8,0.602,1.326,107.5,103.7,10.553,80.76923,1.104,111.0,76.504
1028,2008,Davidson,10,8,1.5,18.8,0.895,18.502,110.8,92.0,17.709,80.64516,1.123,113.318,77.371
1029,2008,Drake,5,64,5.2,21.7,0.912,2.519,118.0,96.3,21.783,86.66667,1.141,115.172,75.719
1030,2008,Duke,2,32,8.9,28.4,0.961,95.074,117.2,88.8,34.065,84.375,1.127,112.963,77.243
1031,2008,George Mason,12,64,-3.6,10.4,0.76,13.842,109.2,98.8,13.265,69.69697,1.091,109.991,76.226
1032,2008,Georgetown,2,32,7.7,25.2,0.948,71.165,113.1,87.9,30.985,84.375,1.101,111.212,77.98
1033,2008,Georgia,14,64,-3.9,8.2,0.723,57.893,102.6,94.4,28.873,50.0,1.003,100.968,77.164
1034,2008,Gonzaga,7,64,2.1,19.5,0.9,73.8,112.1,92.6,21.566,78.125,1.103,110.743,78.557
1035,2008,Indiana,8,64,4.8,20.5,0.908,52.71,113.6,93.1,27.986,78.125,1.104,110.581,77.392
1036,2008,Kansas,1,1,9.9,35.4,0.982,89.633,121.0,85.6,30.29,90.90909,1.173,117.53,77.1
1037,2008,Kansas St.,11,32,1.0,20.6,0.91,40.016,112.8,92.2,31.318,63.33333,1.081,108.293,77.238
1038,2008,Kent St.,9,64,2.3,12.6,0.809,13.77,106.8,94.2,17.688,82.35294,1.059,106.008,75.948
1039,2008,Kentucky,11,64,-1.1,11.2,0.784,77.136,105.7,94.5,27.594,60.0,1.027,102.867,78.254
1040,2008,Louisville,3,8,4.7,22.9,0.936,83.94,110.3,87.4,30.593,75.0,1.067,106.523,77.488
1041,2008,Marquette,6,32,3.8,23.1,0.933,55.941,113.0,89.9,31.819,71.875,1.091,109.304,75.845
1042,2008,Memphis,1,2,8.9,29.5,0.97,82.995,113.3,83.8,20.888,97.05882,1.121,112.778,77.749
1043,2008,Miami FL,7,32,1.6,15.3,0.847,42.138,110.7,95.4,28.829,67.74194,1.07,107.232,77.031
1044,2008,Michigan St.,5,16,5.1,21.5,0.917,87.079,114.0,92.5,31.132,75.75758,1.104,110.648,77.042
1045,2008,Mississippi St.,8,32,0.6,15.8,0.864,69.445,106.3,90.5,23.951,68.75,1.046,104.708,77.328
1046,2008,Mississippi Valley St.,16,64,-10.0,-15.3,0.141,0.2,90.0,105.3,12.999,50.0,0.927,93.0497,75.534
1047,2008,Mount St. Mary's,16,64,-9.5,-1.8,0.448,7.293,97.3,99.1,9.636,56.25,1.006,100.76,75.78
1048,2008,North Carolina,1,4,11.9,28.4,0.957,90.906,120.2,91.8,31.561,94.11765,1.149,115.213,77.311
1049,2008,Notre Dame,5,32,4.4,20.3,0.902,80.171,115.6,95.3,28.578,77.41935,1.126,112.861,77.364
1050,2008,Oklahoma,6,32,2.8,15.7,0.859,63.704,108.0,92.3,33.332,66.66667,1.04,103.673,77.981
1051,2008,Oral Roberts,13,64,-0.9,9.9,0.763,1.838,102.3,92.4,16.644,74.19355,1.046,105.196,77.204
1052,2008,Oregon,9,64,0.8,16.6,0.852,72.871,117.8,101.2,35.62,58.06452,1.13,112.417,76.175
1053,2008,Pittsburgh,4,32,5.3,20.4,0.902,65.161,116.1,95.7,33.073,73.52941,1.109,111.22,75.961
1054,2008,Portland St.,16,64,-3.4,3.5,0.596,1.355,105.3,101.8,13.96,70.0,1.088,108.842,75.471
1055,2008,Purdue,6,32,3.8,18.5,0.895,66.368,108.7,90.2,28.915,75.0,1.031,104.211,77.694
1056,2008,Saint Joseph's,11,64,-1.2,14.8,0.833,34.745,113.3,98.5,23.976,63.63636,1.112,112.039,78.503
1057,2008,Saint Mary's,10,64,1.2,15.5,0.856,18.126,108.2,92.7,17.599,80.0,1.097,109.867,77.097
1058,2008,San Diego,13,32,-3.9,3.9,0.614,3.734,98.6,94.7,20.325,60.60606,0.981,98.9013,75.81
1059,2008,Siena,13,32,-3.8,6.4,0.671,10.689,106.4,100.0,13.952,68.75,1.09,108.872,75.72
1060,2008,South Alabama,10,64,-0.3,12.3,0.795,21.566,110.5,98.2,13.287,80.0,1.123,113.078,75.45
1061,2008,Stanford,3,16,6.7,22.9,0.934,64.912,111.5,88.6,33.063,78.78788,1.086,108.798,78.338
1062,2008,Temple,12,64,-1.7,11.8,0.785,21.698,110.6,98.8,22.398,63.63636,1.088,108.934,77.301
1063,2008,Tennessee,2,16,9.2,24.1,0.935,57.614,116.3,92.2,31.749,87.5,1.129,113.093,76.574
1064,2008,Texas,2,8,8.4,25.8,0.942,81.767,120.0,94.2,34.791,81.81818,1.141,113.986,75.941
1065,2008,Texas A&M,9,32,3.1,21.3,0.918,61.214,112.5,91.2,31.167,69.69697,1.075,107.464,78.021
1066,2008,UCLA,1,4,10.8,29.5,0.967,78.469,116.4,86.9,32.362,90.90909,1.129,113.555,77.86
1067,2008,UMBC,15,64,-3.0,3.0,0.578,10.4,111.3,108.3,11.398,74.19355,1.129,113.879,75.216
1068,2008,UNLV,8,32,2.2,14.3,0.836,18.883,108.2,93.9,20.716,78.125,1.055,105.643,76.523
1069,2008,USC,6,64,3.6,18.8,0.9,65.854,108.2,89.4,36.782,65.625,1.035,103.965,77.758
1070,2008,UT Arlington,16,64,-7.0,-2.1,0.44,8.575,99.1,101.2,9.423,60.71429,1.006,100.733,75.415
1071,2008,Vanderbilt,4,64,3.8,14.4,0.83,63.746,111.6,97.2,23.876,78.78788,1.097,110.172,77.422
1072,2008,Villanova,12,16,0.3,12.7,0.809,61.386,107.7,95.0,29.494,62.5,1.053,105.009,77.261
1073,2008,Washington St.,4,16,4.9,22.5,0.926,24.685,114.2,91.7,31.951,75.0,1.114,111.872,77.764
1074,2008,West Virginia,7,16,2.6,20.9,0.913,46.742,113.1,92.2,29.445,69.69697,1.113,111.246,78.073
1075,2008,Western Kentucky,12,16,0.2,13.1,0.814,16.148,108.6,95.5,14.064,80.64516,1.106,110.914,76.545
1076,2008,Winthrop,13,64,-4.2,7.3,0.709,4.133,98.1,90.8,15.705,64.51613,1.014,101.646,76.006
1077,2008,Wisconsin,3,16,8.3,27.3,0.961,82.1,112.2,84.9,28.584,87.87879,1.079,108.495,77.432
1078,2008,Xavier,3,8,4.7,22.9,0.928,13.33,115.2,92.3,23.372,81.81818,1.15,115.214,76.611
